-BEGIN HEADER-,,,,
NASA/POWER Source Native Resolution Daily Data ,,,,
Dates (month/day/year): 01/01/2018 through 10/24/2025 in LST,,,,
Location: latitude  14.5995   longitude 120.9842 ,,,,
elevation from MERRA-2: Average for 0.5 x 0.625 degree lat/lon region = 201.16 meters,,,,
The value for missing source data that cannot be computed or is outside of the sources availability range: -999 ,,,,
parameter(s): ,,,,
PRECTOTCORR     MERRA-2 Precipitation Corrected (mm/day) ,,,,
RH2M            MERRA-2 Relative Humidity at 2 Meters (%) ,,,,
T2M             MERRA-2 Temperature at 2 Meters (C) ,,,,
-END HEADER-,,,,
YEAR,DAY,PRECTOTCORR,RH2M,T2M
2018,1,2.3,88.31,23.19
2018,2,2.63,86.74,23.22
2018,3,18.71,89.88,23.12
2018,4,5.19,90.65,24.26
2018,5,1.07,89.74,24.79
2018,6,0.24,88.76,24.36
2018,7,4.96,88.95,25.01
2018,8,2.92,92.09,25.22
2018,9,0.32,87.59,25.32
2018,10,0.86,88.07,24.93
2018,11,12.11,89.36,23.34
2018,12,4.79,86.31,21.75
2018,13,6.67,86.24,21.45
2018,14,2.36,86.11,22.58
2018,15,1.28,87.55,23.08
2018,16,35.95,91.25,24.31
2018,17,17.6,95.12,24.26
2018,18,11.05,90.97,25.2
2018,19,0.71,86.91,24.14
2018,20,1.46,87.47,24.11
2018,21,4.68,89.67,24.42
2018,22,1.29,88.72,24.31
2018,23,0.39,86.01,24.89
2018,24,9.32,90.14,24.73
2018,25,2.42,88.93,24.11
2018,26,24.87,91.47,24.97
2018,27,31.96,93.86,24.17
2018,28,7.48,89.91,23.47
2018,29,0.8,85.88,24.11
2018,30,1.9,89.2,23.8
2018,31,5.36,88.61,23.84
2018,32,1.18,86.53,24.43
2018,33,2.68,86.44,24.5
2018,34,1.52,86.94,23.81
2018,35,1.95,86.83,23.53
2018,36,3.36,85.7,22.94
2018,37,3.45,86.03,22.04
2018,38,5.17,87.34,22.91
2018,39,1.33,84.57,23.59
2018,40,0.02,80.14,24.65
2018,41,0.02,76.63,25.42
2018,42,0.69,83.74,25.08
2018,43,3.42,86.41,24.48
2018,44,3.25,86.21,23.25
2018,45,10.56,89.31,23.73
2018,46,3.11,88.9,24.97
2018,47,0.07,84.16,25.75
2018,48,0.09,83.88,25.37
2018,49,1.43,85.54,25.33
2018,50,0.03,82.2,24.43
2018,51,1.05,85.09,25.03
2018,52,7.31,86.21,25.16
2018,53,0.6,83.08,25.1
2018,54,0.11,81.47,24.76
2018,55,3.13,81.18,24.69
2018,56,5.64,86.64,25.07
2018,57,5.82,87.41,24.97
2018,58,19.92,88.08,25.07
2018,59,7.7,86.93,25.62
2018,60,5.16,85.85,25.91
2018,61,2.21,83.87,25.8
2018,62,0.94,85.62,26.1
2018,63,0.09,81.4,25.64
2018,64,0.44,83.27,25.49
2018,65,0.57,83.12,26.02
2018,66,0.86,82.24,25.85
2018,67,13.9,85.53,25.43
2018,68,20.85,86.07,24.36
2018,69,13.95,85.64,23.53
2018,70,4.23,81.34,23.12
2018,71,1.36,81.25,23.41
2018,72,0.09,79.49,24.03
2018,73,0.64,80.01,24.24
2018,74,0.27,82.03,25.02
2018,75,2.11,83.28,26.01
2018,76,0.97,82.49,25.8
2018,77,0.52,80.22,25.41
2018,78,0.05,78.51,25.38
2018,79,0.01,75.65,26.27
2018,80,4.54,79.98,25.8
2018,81,10.08,85.07,24.44
2018,82,3.53,80.36,23.26
2018,83,0.11,73.07,23.46
2018,84,0.01,75.07,23.46
2018,85,0.04,76.18,24.12
2018,86,0.09,77.27,24.2
2018,87,0.27,75.98,25.32
2018,88,1.46,74.55,25.9
2018,89,6.91,82.01,25.19
2018,90,1.78,79.29,24.79
2018,91,3.07,78.92,25
2018,92,5.43,82.65,25.46
2018,93,6.95,83.01,25.41
2018,94,3.55,81.36,25.75
2018,95,2.69,80.05,25.52
2018,96,0.14,75.54,25.82
2018,97,3.1,79.08,25.55
2018,98,6.12,81.51,25.08
2018,99,11.46,83.97,25.58
2018,100,7,84.23,26.33
2018,101,5.68,82.87,26.69
2018,102,2.73,82.23,26.92
2018,103,2.45,82.46,26.97
2018,104,0.97,79.88,27.15
2018,105,1.15,78.22,27.41
2018,106,0.27,77.29,27.03
2018,107,0.03,76.02,26.59
2018,108,0.15,77.18,26.55
2018,109,0.58,77.41,26.71
2018,110,0.07,76.4,27.22
2018,111,0.23,75.1,27.79
2018,112,0.13,74.83,27.83
2018,113,0.75,76.93,27.71
2018,114,1.78,74.22,28.21
2018,115,1.84,72.43,28.12
2018,116,2.01,75.25,27.6
2018,117,2.22,77.22,27.49
2018,118,0.56,75.82,27.96
2018,119,1.04,74.56,28.02
2018,120,0.36,73.13,27.94
2018,121,14.5,86.06,26.87
2018,122,1.09,79.19,27.76
2018,123,1.35,80.37,27.47
2018,124,2.13,79.21,27.61
2018,125,13.55,89.66,26.29
2018,126,0.89,77.35,27.97
2018,127,0.93,74.58,28.48
2018,128,1.98,70.37,29.21
2018,129,1.69,73.25,28.2
2018,130,2.26,79.15,27.29
2018,131,2.38,78.33,27.67
2018,132,6.59,77.49,27.93
2018,133,2.82,76.63,28.07
2018,134,5.19,77.9,27.86
2018,135,5.86,87,27.3
2018,136,3.53,82.04,27.66
2018,137,1.59,75.78,28.26
2018,138,0.85,76.21,27.57
2018,139,1.05,77.47,27.75
2018,140,6.41,79.95,27.79
2018,141,4.74,76.82,28.32
2018,142,3.99,75.03,28.52
2018,143,3.8,76.53,28.31
2018,144,7.08,81.14,27.86
2018,145,7.51,84.2,27.35
2018,146,3.2,76.3,28.88
2018,147,1.93,75.15,28.91
2018,148,2.2,77.37,28.7
2018,149,2.11,77.82,28.4
2018,150,10.62,87.83,27.11
2018,151,2.85,81.24,27.94
2018,152,4.02,81.96,27.98
2018,153,10.86,85.77,27.13
2018,154,3.7,81.99,27.33
2018,155,0.81,71.3,29.14
2018,156,6.68,78.44,28.58
2018,157,18.54,82.15,27.52
2018,158,18.27,92.13,26.48
2018,159,14.19,88.55,26.27
2018,160,71.14,93.39,26.21
2018,161,21.65,92.28,26.55
2018,162,28.4,92.9,26.11
2018,163,23.81,93.48,26.26
2018,164,29.01,93.63,26.14
2018,165,12.62,91.17,26.29
2018,166,9.94,88.48,26.75
2018,167,5.4,86.79,26.9
2018,168,3.22,90.21,26.51
2018,169,1.02,88.5,26.47
2018,170,0.13,85.15,26.66
2018,171,7.1,89,26
2018,172,23.82,92.62,25.52
2018,173,15.61,84.04,26.56
2018,174,11.84,84.74,26.47
2018,175,10.36,82.54,26.74
2018,176,11.59,86.52,26.11
2018,177,17.65,88.33,25.73
2018,178,2.06,87.78,26.02
2018,179,0.45,84.88,26.37
2018,180,0.14,84.46,26.67
2018,181,2.45,86.76,26.31
2018,182,4.35,87.49,26.18
2018,183,2.47,85.96,26.35
2018,184,2.4,87.6,26.11
2018,185,4.3,89.66,25.89
2018,186,0.9,88.81,26.05
2018,187,3.96,86.37,26.56
2018,188,22.11,91.65,26.09
2018,189,25.29,90.8,25.98
2018,190,12.44,90.43,25.94
2018,191,7.06,91.87,25.52
2018,192,7.47,94.3,25.83
2018,193,8.86,95.23,25.64
2018,194,12.52,89.86,25.95
2018,195,23.8,92.37,25.96
2018,196,11.18,93.06,26.1
2018,197,18.74,93.74,25.68
2018,198,60.3,95.14,25.49
2018,199,17.9,93.69,25.45
2018,200,33.3,92.26,25.96
2018,201,20.19,92.03,25.85
2018,202,18.55,91.81,26.17
2018,203,44.07,93.48,26.17
2018,204,20.74,94.51,25.58
2018,205,2.24,92.83,25.48
2018,206,7.33,87.55,25.64
2018,207,6.25,85.41,25.41
2018,208,7.72,86.71,25.62
2018,209,11.96,90.97,25.64
2018,210,16.07,88.89,26.08
2018,211,11.19,89.65,26.07
2018,212,9.92,88.38,26.41
2018,213,5.7,91.44,26.35
2018,214,9.7,91.86,25.88
2018,215,7.02,89.41,25.49
2018,216,7.54,90.56,25.62
2018,217,1.34,90.04,25.59
2018,218,11.21,89.07,25.76
2018,219,5.6,89.12,25.95
2018,220,3.79,92.93,25.54
2018,221,6.54,93.6,25.33
2018,222,8.37,94.07,25.61
2018,223,48.22,93.55,25.21
2018,224,39.48,92.26,25.62
2018,225,13.26,89.79,25.82
2018,226,4.81,89.45,25.86
2018,227,2.03,89.03,25.94
2018,228,17,89.99,25.84
2018,229,7.02,92.08,25.82
2018,230,6.22,92.59,25.51
2018,231,10.38,91.1,25.74
2018,232,6.78,91.24,25.75
2018,233,7.44,91.11,25.96
2018,234,3.95,88.91,26.15
2018,235,1.41,87.66,26.36
2018,236,9.89,88.65,26.16
2018,237,6.06,90.75,25.73
2018,238,2.98,90.33,25.45
2018,239,2.37,88.4,26.01
2018,240,0.86,83.51,26.4
2018,241,0.1,78.44,26.88
2018,242,6.97,79.53,27.23
2018,243,14.25,84.17,26.24
2018,244,29.77,84.82,26.38
2018,245,11.46,83.47,27.15
2018,246,14.09,93,25.08
2018,247,7.9,90.58,25.14
2018,248,7.65,87.83,25.7
2018,249,26.28,83.24,26.45
2018,250,25.18,89.08,25.35
2018,251,5.92,85.3,26.18
2018,252,0.84,87.31,26.14
2018,253,6.5,89.95,25.88
2018,254,4.06,87.66,26.21
2018,255,17.2,89.31,25.53
2018,256,4.86,84.79,26.76
2018,257,37.32,94.41,25.7
2018,258,23.77,91.75,25.38
2018,259,17.58,90.59,26.12
2018,260,3.67,87.64,26.16
2018,261,4.89,88.76,25.76
2018,262,10.7,91.87,25.57
2018,263,20.5,90.13,26.35
2018,264,8.71,87.39,26.54
2018,265,0.96,82.82,26.53
2018,266,0.84,77.58,27.51
2018,267,3.45,79.92,27.43
2018,268,1.09,88.21,26.25
2018,269,9.19,87.53,26.49
2018,270,3.02,87.02,26.48
2018,271,0.22,85.41,26.58
2018,272,0.02,83.78,26.51
2018,273,0.46,83.28,26.61
2018,274,3.08,78.92,27.6
2018,275,14.86,91.22,25.93
2018,276,11.64,83.92,25.21
2018,277,3.87,83.31,25.93
2018,278,0,80.44,25.73
2018,279,5.06,76.19,26.86
2018,280,5.22,87.1,25.97
2018,281,4.52,86.39,26.01
2018,282,3.57,85.33,26.35
2018,283,9.37,86.46,26.2
2018,284,3.81,84.89,26.51
2018,285,0.43,85.26,26.6
2018,286,0.91,86.07,26.49
2018,287,6.92,89.55,26.21
2018,288,5.43,89.96,25.59
2018,289,3.33,86.47,26.02
2018,290,4.94,83.02,26.64
2018,291,3.57,85.01,26.25
2018,292,1.26,84.96,26.21
2018,293,7.82,86.57,26.12
2018,294,15.24,89.15,25.72
2018,295,2.03,84.08,25.69
2018,296,0.05,81.96,25.63
2018,297,0.54,84,25.6
2018,298,1.75,84.82,25.49
2018,299,0.94,83.08,25.7
2018,300,0.23,82.27,26.05
2018,301,1.39,81.66,25.46
2018,302,0.5,80.67,22.76
2018,303,25.58,92.42,25.02
2018,304,8.19,86.73,26.44
2018,305,1.81,86.27,26.51
2018,306,0.85,86.73,26.28
2018,307,1.54,88.82,25.99
2018,308,1.86,86.2,26.02
2018,309,5.51,88.31,25.5
2018,310,3.78,86.46,26
2018,311,7.1,87.77,25.59
2018,312,2.76,85.11,25.08
2018,313,12.48,87.95,25.13
2018,314,3.7,83.86,24.61
2018,315,0.89,82.81,24.85
2018,316,3.95,84.58,25.19
2018,317,2.62,86.15,25.9
2018,318,2.73,84.89,25.42
2018,319,0.39,84.49,25.41
2018,320,0.14,82.85,25.42
2018,321,0.07,81.8,25.31
2018,322,2.53,85.76,25.36
2018,323,0.37,82.56,25.09
2018,324,1.21,83.98,24.96
2018,325,14.33,92.22,24.66
2018,326,12.68,91.54,25.91
2018,327,2.94,86.63,25.63
2018,328,3.67,86.84,25.03
2018,329,6.46,86.93,24.81
2018,330,0.06,82.45,25.01
2018,331,0.15,82.79,24.94
2018,332,6.45,86.37,25.03
2018,333,11.61,88.4,25.34
2018,334,7.56,86.5,24.86
2018,335,5.8,86.03,24.84
2018,336,10.18,86.56,25.05
2018,337,3.22,85.36,25.12
2018,338,9.43,91.02,25.62
2018,339,2.54,91.26,25.51
2018,340,0.7,84.81,25.68
2018,341,4.43,86.39,25.47
2018,342,1.74,84.6,25.32
2018,343,1.55,85.9,25.35
2018,344,4.54,87.3,25.23
2018,345,3.26,86.56,25.39
2018,346,0.96,83.06,25.04
2018,347,18.01,88.05,25.39
2018,348,35.5,91.8,24.89
2018,349,4.84,86.69,24.49
2018,350,4.89,87.74,24.62
2018,351,0.33,82.09,24.54
2018,352,1.77,84.38,24.39
2018,353,5,84.38,24.04
2018,354,0.34,85.79,24.01
2018,355,11.25,90.36,24.82
2018,356,8.9,88.4,25.32
2018,357,77.13,94.89,24.39
2018,358,27.2,90.83,24.91
2018,359,4.48,89.24,25.17
2018,360,2.91,88.05,25.18
2018,361,0.49,85.84,24.93
2018,362,49.53,92.56,23.79
2018,363,68.53,89.43,23.17
2018,364,66.61,93.01,23.86
2018,365,39.11,92.69,23.81
2019,1,30.14,92.74,24.53
2019,2,6.18,89.95,24.35
2019,3,9.4,90.57,24.51
2019,4,2.42,87.81,23.66
2019,5,0.79,88.39,23.78
2019,6,1.13,87.65,23.6
2019,7,1.28,87.12,23.16
2019,8,0.66,86.63,23.56
2019,9,5.38,88.81,23.81
2019,10,7.93,88.61,23.8
2019,11,3.16,87.75,23.87
2019,12,1.71,86.78,23.76
2019,13,3.35,88.51,23.72
2019,14,1.15,85.28,23.3
2019,15,1.25,83.55,23.38
2019,16,1.25,84.56,22.79
2019,17,0.11,83.23,22.96
2019,18,0.2,82.05,22.77
2019,19,0.74,83.32,23.1
2019,20,0.69,85.93,23.56
2019,21,1.64,85.92,23.77
2019,22,1.71,85.54,23.92
2019,23,6.69,87.07,23.78
2019,24,4.49,86.78,23.62
2019,25,0.53,83.7,23.26
2019,26,1.62,82,22.4
2019,27,1.74,79.86,21.4
2019,28,1.39,80.68,21.27
2019,29,1.77,79.42,21
2019,30,1.86,83.76,22.1
2019,31,3.18,87.09,23.24
2019,32,3.02,81.76,22.58
2019,33,1.36,85.05,22.82
2019,34,1.91,84.25,23.57
2019,35,1.82,84.97,23.36
2019,36,0,82.52,23.05
2019,37,0,82.08,23.15
2019,38,0.03,78.02,22.79
2019,39,0.16,82.47,23.49
2019,40,0.75,83.4,24.13
2019,41,4.46,86.24,24.6
2019,42,0.91,81.84,24.19
2019,43,2.66,83.6,23.69
2019,44,9.45,85.57,23.83
2019,45,0.38,81.04,23.4
2019,46,0.01,79.09,23.37
2019,47,0,80.06,23.61
2019,48,0.3,81.02,23.87
2019,49,0.19,78.45,23.88
2019,50,0.01,77.99,23.94
2019,51,0.02,75.07,23.57
2019,52,0,74.39,23.73
2019,53,0.4,79.56,23.86
2019,54,0.1,76.84,23.78
2019,55,0.21,77.8,23.79
2019,56,0,75.91,24.36
2019,57,0.02,76.14,23.93
2019,58,0.22,75.08,23.62
2019,59,0.22,76.38,24.03
2019,60,0.07,75.88,24.08
2019,61,0.02,72.57,23.72
2019,62,0,68.29,25.4
2019,63,0.18,75.68,25.9
2019,64,1.15,79.16,25.44
2019,65,0.03,76.45,26.22
2019,66,0.17,76.7,26.14
2019,67,0.15,74.62,25.6
2019,68,0,71.65,25.67
2019,69,0,66.85,27.02
2019,70,0,64.19,27.84
2019,71,0.12,66.75,27.69
2019,72,0.24,70.23,26.72
2019,73,1.94,70.94,26.65
2019,74,10.52,77.55,26.2
2019,75,1.69,76.67,25.83
2019,76,0.36,74.33,26.17
2019,77,0.24,74.54,26.13
2019,78,0.13,72.46,26.2
2019,79,0.02,72.59,26.26
2019,80,0.03,71.78,26.39
2019,81,0.11,70.86,26.65
2019,82,0.21,72.08,26.8
2019,83,0.05,69.79,25.61
2019,84,0.04,70.67,25.7
2019,85,0.01,68.74,26.12
2019,86,0.07,72.41,26.74
2019,87,0.03,71.63,27.64
2019,88,0.01,69.5,27.43
2019,89,0,69.64,26.79
2019,90,0.17,71.93,26.8
2019,91,1.54,72.88,26.48
2019,92,0.47,70.49,26.42
2019,93,2.26,72.23,26.53
2019,94,1.29,72.78,26.83
2019,95,1.81,71.65,27.44
2019,96,0.11,68.19,28.38
2019,97,0.01,64.79,29.29
2019,98,0.15,68.99,28.23
2019,99,9.1,80.58,27.71
2019,100,1.98,78.65,27.58
2019,101,2.84,79.16,27.68
2019,102,4.02,76.54,28.38
2019,103,5.18,76.29,28.48
2019,104,0.65,68.17,28.7
2019,105,0.76,70.54,28.08
2019,106,0.23,68.18,29.06
2019,107,4.81,65.11,29.9
2019,108,9.89,69.34,29.51
2019,109,0.29,67.97,29.3
2019,110,0.01,66.41,28.79
2019,111,0.02,67.97,29.74
2019,112,0.03,66.86,28.84
2019,113,0.01,68.74,28.33
2019,114,0.25,71.37,28.59
2019,115,0.04,65.68,28.51
2019,116,0.12,67.81,28.07
2019,117,0,65.6,27.57
2019,118,2.69,73.59,27.61
2019,119,0.36,72,28
2019,120,0,64.41,29.04
2019,121,1.06,62.66,30.01
2019,122,7.69,71.07,29.34
2019,123,14.28,71.41,29.44
2019,124,1.31,68.47,28.74
2019,125,4.5,70.26,29.1
2019,126,5.67,80.29,28.01
2019,127,4.26,82.31,27.86
2019,128,17.44,83.14,27.75
2019,129,22.78,83.61,27.23
2019,130,4.47,79.48,27.89
2019,131,7.48,85.5,27.05
2019,132,1.47,72.68,28.85
2019,133,1.19,72.01,29.45
2019,134,0.34,66.58,30.39
2019,135,3.21,69.56,30.14
2019,136,0.54,67.92,30.51
2019,137,3.42,74.89,28.95
2019,138,0.93,74.76,28.86
2019,139,5.44,74.62,28.98
2019,140,0.46,74.83,28.94
2019,141,5.39,81.67,27.68
2019,142,6.85,78.77,28.3
2019,143,15.03,80.65,27.97
2019,144,16.23,77.37,28.34
2019,145,13.67,86.42,26.79
2019,146,30.41,84.55,27.17
2019,147,4.13,76.19,28.16
2019,148,2.06,78.08,27.99
2019,149,1.73,80.28,27.9
2019,150,3.16,82.05,27.74
2019,151,1.92,86.4,27.22
2019,152,3.72,86.06,27.43
2019,153,2.03,82.67,28.08
2019,154,6.84,86.68,27.8
2019,155,6.06,85.1,27.9
2019,156,3.38,84.12,27.64
2019,157,1.69,81.76,27.65
2019,158,0.88,81.34,28.02
2019,159,1.09,79.24,28.48
2019,160,2.15,77.62,29.3
2019,161,8.67,84.14,27.88
2019,162,3.82,83.69,28.12
2019,163,0.4,81.58,28.46
2019,164,7.44,85.57,27.89
2019,165,9.81,82.93,27.75
2019,166,4.91,86.06,27.69
2019,167,2.15,84.1,27.86
2019,168,4.4,83.86,28.26
2019,169,3.78,79.07,28.67
2019,170,4.37,80.36,28.48
2019,171,5.14,79.05,29.03
2019,172,3.92,76.55,29.34
2019,173,6.06,73.21,30.08
2019,174,12.01,82.41,28.66
2019,175,13.28,87.74,27.26
2019,176,8.43,83.78,27.32
2019,177,18.14,89.57,26.48
2019,178,9,91.15,25.87
2019,179,12.37,91.65,26.33
2019,180,7.15,90.34,26.74
2019,181,14.72,93.18,26.56
2019,182,28.75,95.53,26.47
2019,183,5.19,92.7,25.87
2019,184,0.08,86.58,26.45
2019,185,0.44,80.83,27.59
2019,186,1.2,82.75,27.49
2019,187,1,84.07,26.94
2019,188,2.54,83.59,26.98
2019,189,1.92,87.04,26.51
2019,190,0.46,84.88,26.76
2019,191,1.52,87.29,26.42
2019,192,1.17,78.77,28.13
2019,193,3.3,80.48,27.78
2019,194,4.79,79.39,28.05
2019,195,7.82,87.42,26.51
2019,196,7.62,78.53,26.69
2019,197,17.4,87.35,24.93
2019,198,8.54,89.52,25.71
2019,199,12.66,91.94,26.35
2019,200,3.48,87.17,27.15
2019,201,0.33,83.53,27.43
2019,202,13.53,86.13,26.87
2019,203,19.77,84.88,27.28
2019,204,10.46,87.54,26.7
2019,205,9.03,86.96,26.66
2019,206,10.47,90.77,26.07
2019,207,6.61,88.77,26.42
2019,208,17.64,87.16,26.22
2019,209,14.46,90.75,25.22
2019,210,9.46,89.2,25.24
2019,211,16.81,90.24,25.55
2019,212,6.07,91.29,25.53
2019,213,14.84,91.11,26.31
2019,214,38.49,92.16,26.04
2019,215,39.67,94.72,25.48
2019,216,9.84,93.49,25.84
2019,217,13.88,94.31,26.06
2019,218,13.42,94.35,25.69
2019,219,9.84,93.38,26.35
2019,220,15.58,91.82,26.42
2019,221,17.59,90.66,26.52
2019,222,8.08,92.13,26.05
2019,223,1.13,87.33,26.69
2019,224,2.36,87.11,26.78
2019,225,2.5,89.33,26.61
2019,226,0.72,87.13,27.06
2019,227,0.19,87.87,26.72
2019,228,0.64,87.71,26.72
2019,229,0.38,87.34,26.89
2019,230,0.75,89.74,26.25
2019,231,3.08,89.12,26.52
2019,232,2.85,88.05,26.48
2019,233,13.39,91.44,25.92
2019,234,9.45,90.46,25.02
2019,235,4.67,88.19,25.35
2019,236,22.87,89.6,25.89
2019,237,11.73,89.79,26.42
2019,238,13.32,89.65,26.32
2019,239,11.73,91.64,25.47
2019,240,1.4,87.41,26.28
2019,241,12.02,91.23,25.67
2019,242,6.85,89.91,25.66
2019,243,19.19,89.84,25.24
2019,244,15.81,85.26,25.87
2019,245,14.53,88.55,25.56
2019,246,12.3,90.96,25.56
2019,247,2.57,87.11,26.4
2019,248,1.22,85.5,26.55
2019,249,1.23,86.84,26.72
2019,250,0.61,88.27,26.47
2019,251,7.61,90.89,26.24
2019,252,11.04,90.87,25.73
2019,253,3.03,90.14,25.48
2019,254,9.64,91.71,25.38
2019,255,15.66,92.67,25.16
2019,256,13.63,86.73,26.64
2019,257,11.1,84.48,27
2019,258,20.71,94.28,25.63
2019,259,27.13,93.06,25.78
2019,260,11.31,92.44,25.72
2019,261,22.05,91.64,25
2019,262,22.5,90.15,25.28
2019,263,24.74,92.09,24.8
2019,264,7.52,88.86,24.92
2019,265,0.1,82.01,26.04
2019,266,1.03,81.66,26.74
2019,267,1.44,86.54,26.46
2019,268,1.25,84.99,26.24
2019,269,5.91,82.52,26.92
2019,270,4.12,79.61,27.85
2019,271,0.93,78.84,27.58
2019,272,1.35,91.43,26.03
2019,273,4.75,87.13,26.41
2019,274,2.19,85.41,26.6
2019,275,7.97,79.71,26.88
2019,276,9.6,78.3,26.83
2019,277,6.18,75.33,27.25
2019,278,1.81,73.26,28.16
2019,279,4.61,88.56,26.04
2019,280,2.35,84.9,26.07
2019,281,2.68,85.57,26.13
2019,282,6.76,86.59,26.27
2019,283,1.89,82.76,26.37
2019,284,8.5,81.84,26.67
2019,285,5.46,82.77,26.03
2019,286,1.46,83.86,25.69
2019,287,0.46,84.19,25.78
2019,288,1.41,85.01,25.63
2019,289,6.24,86.87,25.53
2019,290,2.81,85.87,25.99
2019,291,2.5,85.64,26.52
2019,292,12.59,87.87,26.49
2019,293,10.76,88.9,26.21
2019,294,5.21,88.54,26.27
2019,295,2.43,85.52,26.27
2019,296,0.23,84.5,26.38
2019,297,0.59,83.24,26.42
2019,298,3.5,87.05,26.01
2019,299,5.05,87.48,25.83
2019,300,19.98,90.09,25.56
2019,301,7.73,87.32,26.1
2019,302,9.51,94.32,25.55
2019,303,3.83,93.6,25.78
2019,304,12.05,92.42,25.65
2019,305,28.14,92.02,25.66
2019,306,14.3,91.71,25.88
2019,307,7.76,94.25,25.7
2019,308,4.83,87.1,26.62
2019,309,13.46,88.5,26.53
2019,310,19.01,90.59,26.09
2019,311,12.03,92.3,25.6
2019,312,1.41,89.74,26.09
2019,313,1.15,86.03,26.34
2019,314,1.06,86.45,25.51
2019,315,6.95,93.08,23.92
2019,316,3.15,88.42,24.57
2019,317,3.52,84.91,24.58
2019,318,3.83,90.11,24.69
2019,319,1.38,84.78,26.37
2019,320,6.44,79.46,26.53
2019,321,2.77,90.64,25.67
2019,322,0.01,89.31,26.09
2019,323,0,82.66,26.53
2019,324,7.37,83.93,26.6
2019,325,5.23,89.33,25.84
2019,326,7.95,93.79,25.09
2019,327,3.86,90.12,25.52
2019,328,8.25,93.01,25.44
2019,329,11.73,92.79,25.1
2019,330,6.24,90.56,24.83
2019,331,11.08,90.42,25.85
2019,332,3.15,87.17,25.37
2019,333,1.78,84.05,24.41
2019,334,0.86,81.5,23.41
2019,335,1.93,84.24,23.77
2019,336,4.47,86.77,24.78
2019,337,155.47,90.47,24.98
2019,338,15.68,91.94,26.43
2019,339,3.67,91.09,25.42
2019,340,2.96,83.09,26.08
2019,341,0.54,86.33,25.02
2019,342,1.79,85.59,23.75
2019,343,2.66,87.76,23.48
2019,344,1.65,87.94,23.99
2019,345,2.11,88.35,24.46
2019,346,3.32,89.88,24.68
2019,347,9.12,89.02,24.9
2019,348,6.02,89.8,25.07
2019,349,8.75,89.57,25.1
2019,350,4.32,89.13,25.3
2019,351,0.35,86.11,24.92
2019,352,2.12,85.99,24.41
2019,353,4.15,89.66,24.71
2019,354,6.1,89.84,24.58
2019,355,2.39,88.98,24.73
2019,356,0.61,86.33,24.57
2019,357,2.39,88.34,24.64
2019,358,2.31,85.33,24.3
2019,359,42.57,93.97,24.73
2019,360,16.81,92.8,25.2
2019,361,4.96,89.29,25.3
2019,362,4.34,89.26,25.31
2019,363,1.53,86.72,24.36
2019,364,1.81,87.53,24.66
2019,365,3.86,87.45,24.6
2020,1,13.12,88.24,24.99
2020,2,5.19,87.38,24.75
2020,3,2.21,87.16,23.92
2020,4,2.6,87.73,23.82
2020,5,1,84.16,23.29
2020,6,1.36,84.94,23.84
2020,7,8.54,88.28,24.33
2020,8,9.59,88.53,24.58
2020,9,1.87,86.18,24.35
2020,10,2.39,87.26,23.98
2020,11,1.94,86.64,24.11
2020,12,2.26,86.01,23.94
2020,13,0.98,85.74,23.9
2020,14,2.46,85.39,24.05
2020,15,1.06,84.74,24.03
2020,16,2.36,85.63,25
2020,17,6.67,88.2,25.69
2020,18,2.73,86.71,25.31
2020,19,0.8,84.2,24.71
2020,20,1.1,84.16,24.03
2020,21,0.51,81.24,22.93
2020,22,0.32,78.2,22.92
2020,23,0.28,79.65,23.64
2020,24,15.35,88.42,24.64
2020,25,31.11,89.77,25.04
2020,26,1.5,83.9,26.4
2020,27,0.91,74.39,25.75
2020,28,1.41,71.96,25.85
2020,29,1.43,65.72,25.61
2020,30,8.21,75.27,24.23
2020,31,4.88,83.89,22.37
2020,32,2.55,83.26,21.5
2020,33,3.51,83.74,21.43
2020,34,2.76,80.88,21.4
2020,35,0.8,79.57,22.11
2020,36,3.09,84.52,23.78
2020,37,5.98,86.04,23.97
2020,38,27.52,88.97,24.78
2020,39,22.79,89.6,25.14
2020,40,18.44,87.28,23.75
2020,41,1.21,81.52,22.55
2020,42,0.59,79.7,22.41
2020,43,0.29,80.37,22.65
2020,44,1.24,84.1,23.52
2020,45,1.83,86.38,24.19
2020,46,0.07,81.81,24.13
2020,47,0.03,82.67,24.29
2020,48,1.78,84.95,24.36
2020,49,101.95,87.99,23.09
2020,50,31.79,83.29,22.47
2020,51,157.47,85.1,21.93
2020,52,163.93,87.74,22.26
2020,53,61.66,85.92,22.01
2020,54,106.84,88.08,23.34
2020,55,8.3,88.87,24.31
2020,56,1.17,86.42,23.74
2020,57,5.78,88.34,23.82
2020,58,2.03,86.15,23.65
2020,59,1.83,86.11,23.5
2020,60,0.36,84.99,23.94
2020,61,0.12,84.3,24.08
2020,62,0.26,85.39,23.84
2020,63,80.02,88.98,23.97
2020,64,43.14,86.17,23.83
2020,65,0.1,83.14,24.34
2020,66,0.67,85.47,24.9
2020,67,0.72,87.54,25.88
2020,68,0.05,84.86,26.76
2020,69,0.03,82.81,26.84
2020,70,0.97,75.38,27.9
2020,71,3.53,83.8,26.12
2020,72,1.68,85.28,25.23
2020,73,0.02,83.37,25.77
2020,74,0.09,83.05,26.08
2020,75,74.63,85.87,25.14
2020,76,58.87,89.06,24.41
2020,77,125.79,89.23,23.92
2020,78,24.02,85.92,24.5
2020,79,0.56,84.78,25.22
2020,80,0.36,84.33,25.56
2020,81,0.04,84.09,25.53
2020,82,16.59,85.69,25.54
2020,83,0.73,84.88,25.19
2020,84,0.27,84.53,24.97
2020,85,0.47,83.46,24.48
2020,86,0.19,83.34,24.76
2020,87,85.61,85.88,25.14
2020,88,34.88,85.06,25.47
2020,89,0.01,83.52,25.64
2020,90,0.1,84.68,25.84
2020,91,20.9,85.07,25.54
2020,92,78.17,85.47,26.16
2020,93,0.67,84.92,25.67
2020,94,0.48,84.7,25.28
2020,95,1.35,83.83,25.33
2020,96,0.98,82.94,24.94
2020,97,0.5,83.98,25.64
2020,98,0.36,77.15,26.93
2020,99,3.38,79.84,26.84
2020,100,5.45,83.77,26.35
2020,101,3.51,85.94,25.93
2020,102,3.73,86.02,25.97
2020,103,2.06,79.7,26.84
2020,104,9.77,82.63,26.69
2020,105,10,87.11,25.15
2020,106,8.39,81.08,27.58
2020,107,1.44,77.66,28.08
2020,108,3,85.87,26.57
2020,109,62.45,89.42,26.57
2020,110,28.83,84.95,26.69
2020,111,2.99,84.17,26.63
2020,112,0.14,83.28,26.89
2020,113,2.26,86.35,27.03
2020,114,0.79,83.01,27.16
2020,115,39.69,86.06,26.4
2020,116,151.59,88.91,26.53
2020,117,101.01,87.56,26.79
2020,118,77.4,85.2,26.4
2020,119,1.06,83.23,25.93
2020,120,2.67,85.18,26.69
2020,121,1.38,85.41,26.69
2020,122,1.12,83.08,26.54
2020,123,3.13,84.8,26.54
2020,124,9.92,88.11,27.23
2020,125,4.41,88.01,27.63
2020,126,1.32,86.45,28.03
2020,127,6.41,83.31,28.94
2020,128,1.93,78.83,29.01
2020,129,0.35,82.2,28.22
2020,130,2.26,81.41,28.25
2020,131,6.17,80.9,28.29
2020,132,3.2,83.22,27.63
2020,133,1.72,80.12,28.43
2020,134,0.62,81.93,27.91
2020,135,20.26,89.64,27.35
2020,136,111.2,92.1,26.52
2020,137,16.07,88.27,27.2
2020,138,0.33,89.72,26.51
2020,139,1.18,80.92,28.25
2020,140,2.34,81.27,28.38
2020,141,3.37,77.27,29.02
2020,142,1.68,80.46,28.78
2020,143,1.92,84.96,27.82
2020,144,11.52,87.52,27.2
2020,145,2.59,82.72,28.01
2020,146,0.09,78.76,28.58
2020,147,0.48,76.93,28.84
2020,148,2.95,78.9,28.85
2020,149,3.32,77.68,28.69
2020,150,5.21,82.58,28.03
2020,151,1.79,77.94,28.59
2020,152,16.56,82.59,27.1
2020,153,39.13,84.38,27.29
2020,154,0.95,75.84,28.51
2020,155,1.04,70.11,29.57
2020,156,0.23,72.24,29.71
2020,157,0.19,77.15,28.89
2020,158,0.04,78.64,28.41
2020,159,3.35,79.51,28.4
2020,160,8.32,87.24,27.08
2020,161,33.42,83.26,27.55
2020,162,102.79,88.9,27.02
2020,163,22.19,92.31,26.31
2020,164,36.9,93.23,25.39
2020,165,40.58,91.38,26.04
2020,166,41.21,88.38,26.42
2020,167,13.24,89.8,25.94
2020,168,39.84,85.36,26.78
2020,169,70.83,82.05,27.56
2020,170,3.9,86.8,27.05
2020,171,23.44,87.88,27.19
2020,172,27.29,78.73,27.9
2020,173,12.49,76.43,28.36
2020,174,3.46,81.16,28.2
2020,175,3.9,81.39,28.41
2020,176,3.12,84.98,27.55
2020,177,6.1,87.23,26.94
2020,178,10.57,88.03,26.43
2020,179,20.61,89.39,26.52
2020,180,19.93,87.81,26.2
2020,181,5.58,87.75,25.83
2020,182,3.78,82.8,26.83
2020,183,1,78.78,27.8
2020,184,1.64,78.77,28.04
2020,185,5.02,85.08,26.93
2020,186,9.59,84.5,26.51
2020,187,5.78,85.68,26.31
2020,188,6.2,82.52,27.39
2020,189,3.63,85.83,27.15
2020,190,1.6,87.68,26.69
2020,191,2.77,83.57,27.02
2020,192,3.51,78.16,27.99
2020,193,1.67,81.78,27.21
2020,194,2.81,81.6,27.37
2020,195,5.92,89.63,25.69
2020,196,1.25,76.68,27.7
2020,197,1.75,80.68,27.65
2020,198,3.71,86.31,26.83
2020,199,2.71,86.42,27.01
2020,200,3.68,87.19,26.76
2020,201,18.33,90.54,25.89
2020,202,7.86,87.16,26.13
2020,203,14.17,89.14,26.36
2020,204,9.59,88.47,26.45
2020,205,6.25,85.88,27.1
2020,206,3.72,87.85,26.19
2020,207,3.66,80.86,27.6
2020,208,4.52,81.92,27.49
2020,209,8.6,81.54,27.91
2020,210,27.99,86.44,26.7
2020,211,35.18,86.6,26.2
2020,212,36.48,89.3,26.34
2020,213,11.99,91.3,26.27
2020,214,11.66,87.22,26.2
2020,215,4.31,81.25,26.57
2020,216,4.31,78.85,27.57
2020,217,15.28,88.14,26.5
2020,218,10.87,91.26,26.43
2020,219,7.45,91.57,26.14
2020,220,19.68,87.13,26.4
2020,221,4.98,91.68,26.06
2020,222,14.66,92.73,26.15
2020,223,11.66,89.58,26.11
2020,224,5.15,81.51,27.02
2020,225,12.31,91.59,25.93
2020,226,23.04,79.69,27.14
2020,227,16.62,78.76,27.15
2020,228,10.67,86.96,26.13
2020,229,8.74,84.22,26.62
2020,230,9.09,85.8,26.69
2020,231,5.74,86.09,26.91
2020,232,21.94,78.63,27.61
2020,233,20.42,81,26.7
2020,234,1.99,86.96,25.96
2020,235,1.9,85.02,26.81
2020,236,0.81,87.8,26.66
2020,237,0.06,87.34,26.63
2020,238,0.02,86.09,27.05
2020,239,0.21,86.19,26.92
2020,240,0.15,88.35,26.13
2020,241,0.87,85.19,26.4
2020,242,0.25,88.37,26.11
2020,243,1.88,89.65,26.18
2020,244,0.75,82.97,26.04
2020,245,1.29,83.75,26.73
2020,246,1.34,84.81,26.75
2020,247,1.01,82.83,27.27
2020,248,1.94,80.64,27.74
2020,249,5.4,84.4,27.29
2020,250,3.37,87.8,26.82
2020,251,7.34,84.66,27.35
2020,252,3.23,82.29,27.81
2020,253,3.68,85.12,27.03
2020,254,6.56,76.13,28
2020,255,4.67,78.8,28.11
2020,256,5.91,80.21,27.4
2020,257,0.85,78.27,27.84
2020,258,11.82,87.17,27
2020,259,34.86,92.29,26.08
2020,260,22.61,93.36,25.81
2020,261,13.68,94.13,25.56
2020,262,11.04,87.56,26.01
2020,263,7.44,83.68,26.61
2020,264,8.02,87.28,26.92
2020,265,1.11,83.97,27.41
2020,266,2.02,81.48,27.73
2020,267,11.2,87.1,27.29
2020,268,10.4,89.76,26.12
2020,269,45.86,93.22,25.96
2020,270,23.2,85.2,27.16
2020,271,0.89,79.86,28.09
2020,272,1.69,83.41,27.34
2020,273,3.11,86.62,26.17
2020,274,15.17,85.15,27.24
2020,275,24.03,81.26,28.05
2020,276,14.54,85.83,27.1
2020,277,16.87,86.44,26.85
2020,278,11.74,86.86,26.85
2020,279,6.22,85.57,26.15
2020,280,14.28,91.54,26.67
2020,281,55.07,91.46,26.68
2020,282,83.09,95.1,26.36
2020,283,49.34,88.91,26.28
2020,284,13.81,86.21,26.49
2020,285,22.41,92.82,25.65
2020,286,26.21,91.25,25.43
2020,287,24.35,90.37,25.56
2020,288,63.06,93.13,25.51
2020,289,68.92,94.2,25.43
2020,290,113.21,88.49,25.86
2020,291,51.54,88.3,26.37
2020,292,51.08,93.76,25.91
2020,293,21.77,90.84,26.2
2020,294,50.34,93.36,25.78
2020,295,19.83,90.94,26.48
2020,296,9.78,92.37,26.3
2020,297,6.49,91.43,26.34
2020,298,35.18,88.02,26.54
2020,299,48.84,93.74,25.91
2020,300,55.72,92.87,25.89
2020,301,13.81,94.3,25.36
2020,302,12.24,88.99,26.16
2020,303,6.32,87.35,26.24
2020,304,8.23,90.19,26.19
2020,305,51.98,87.16,25.64
2020,306,72.18,94.52,24.2
2020,307,4.07,90.68,25.87
2020,308,5.47,84.21,27
2020,309,37.18,94.46,25.64
2020,310,4.7,88.56,25.73
2020,311,2.01,87.04,26.24
2020,312,19.88,91.26,25.43
2020,313,44.49,93.94,25.93
2020,314,78.09,93.55,25.67
2020,315,18.98,90.88,26.07
2020,316,99.94,92.44,25.25
2020,317,94.08,94.24,25.39
2020,318,11.37,91.54,26
2020,319,3.96,91.51,25.69
2020,320,131.64,91.29,25.57
2020,321,54.28,88.93,25.53
2020,322,6.82,92.37,25.42
2020,323,2.99,92.5,25.39
2020,324,0.85,88.47,25.61
2020,325,5.95,89.64,26.06
2020,326,62.52,89.98,25.49
2020,327,71.51,88.51,24.63
2020,328,55.64,89.52,24.18
2020,329,14.72,87.21,24.46
2020,330,1.69,85.26,24.18
2020,331,11.21,88.94,24.97
2020,332,13.29,94.19,25.31
2020,333,19.75,93.82,25.32
2020,334,56.15,91.92,25.38
2020,335,70.19,88.88,24.55
2020,336,39.52,89.52,23.99
2020,337,2.95,91.1,24.83
2020,338,19.4,93.15,24.95
2020,339,43.21,92.45,25.43
2020,340,55.28,93.89,25.13
2020,341,82.74,94.74,25.34
2020,342,79.91,95.54,25.24
2020,343,24.64,95.8,25.21
2020,344,13.91,92.38,25.81
2020,345,28.44,93.39,25.2
2020,346,2.35,90.85,25.62
2020,347,37.37,89.61,25.73
2020,348,97.67,92.75,25.66
2020,349,3.03,90.1,25.4
2020,350,11.89,91.5,24.82
2020,351,4.06,88.65,24.59
2020,352,14.28,91.3,24.59
2020,353,40.15,90.91,25.22
2020,354,72.38,90.91,24.38
2020,355,28.14,91.52,23.67
2020,356,6.72,93.23,24.83
2020,357,3.35,87.32,25.7
2020,358,4.98,93.3,25.27
2020,359,0.36,87.19,25.41
2020,360,2.57,90,25.02
2020,361,25.28,93.34,24.97
2020,362,58.79,93.13,24.39
2020,363,20.55,90.2,25.03
2020,364,5.37,89.58,25.33
2020,365,14.82,88.91,25.7
2020,366,15.94,89.58,22.82
2021,1,19.05,90.02,22.42
2021,2,11.64,90.34,23.55
2021,3,38.1,93.04,24.61
2021,4,13.46,90.65,24.98
2021,5,4.11,89.47,25.02
2021,6,2.31,88.17,24.32
2021,7,3.64,89.95,24.37
2021,8,3.7,88.66,24.03
2021,9,6.34,88.75,22.44
2021,10,5.81,88.31,21.87
2021,11,0.83,85.61,22.09
2021,12,0.23,83.59,22.11
2021,13,2.02,88,22.71
2021,14,5.37,89.51,23.56
2021,15,6.37,89.81,23.94
2021,16,0.45,87.25,23.45
2021,17,17.12,89.82,23.81
2021,18,10.26,90.3,23.72
2021,19,12.37,91.96,23.97
2021,20,55.38,94.53,24.27
2021,21,16.87,92.22,25.16
2021,22,6.43,93.55,24.87
2021,23,4.79,90.49,24.93
2021,24,4.55,87.43,25.12
2021,25,6,89.45,25.19
2021,26,8.81,89.86,25.33
2021,27,9.99,90.95,24.7
2021,28,1.75,87.23,23.61
2021,29,0.06,80.64,22.63
2021,30,0.07,79.81,21.4
2021,31,1.46,84.56,21.62
2021,32,0.87,85.62,22.38
2021,33,0.74,87.03,23.54
2021,34,3.15,86.6,23.3
2021,35,6.33,87.58,23.22
2021,36,4.22,87.76,23.65
2021,37,3.99,88.59,24.39
2021,38,0.4,87.4,24.73
2021,39,2.49,89.36,24.17
2021,40,25.05,91.23,23.9
2021,41,10.73,91.44,24.19
2021,42,4.82,84.14,25.84
2021,43,1.44,84.55,25.68
2021,44,6.83,88.1,24.63
2021,45,1.57,86.12,24.47
2021,46,4.04,86.67,23.91
2021,47,2.4,85.86,23.44
2021,48,0.88,84.23,23.48
2021,49,4.78,84.8,22.6
2021,50,5.03,82.29,21.33
2021,51,0.02,78.54,20.72
2021,52,0.97,83.92,22.33
2021,53,25.12,92.16,23.94
2021,54,6.96,91.38,24.9
2021,55,1.36,85.99,25.69
2021,56,0.07,83.43,25.25
2021,57,0,83.8,25.56
2021,58,1.51,84.95,25.97
2021,59,34,88.01,25.6
2021,60,7.49,85.85,25.81
2021,61,1.39,85.45,25.98
2021,62,5.71,87.15,25.41
2021,63,1.75,84.48,25.02
2021,64,1.3,84.57,24.87
2021,65,0.04,82.65,24.57
2021,66,1.36,82.48,24.22
2021,67,14.5,86.77,24.48
2021,68,12.85,85.26,24.23
2021,69,3.02,82.75,24.38
2021,70,3.42,81.16,24.68
2021,71,25.17,90.61,24.27
2021,72,13.4,88.69,24.36
2021,73,16.75,88.61,24.58
2021,74,7.51,87.99,25.51
2021,75,2.28,85.72,26.29
2021,76,3.4,85.22,26.26
2021,77,3.15,85.74,26.23
2021,78,2.2,86.19,26.25
2021,79,2.49,86.05,26.28
2021,80,4.12,87.3,26.03
2021,81,11.77,89.62,25.39
2021,82,10.11,85.62,24.82
2021,83,1.96,84.55,25.09
2021,84,0.68,82.57,25.6
2021,85,3.72,85.33,25.68
2021,86,0.7,82.44,26.4
2021,87,0.13,79.58,26.74
2021,88,0.3,81.65,26.94
2021,89,0,81,26.78
2021,90,0.07,81.75,26.56
2021,91,0.03,80.36,26.21
2021,92,0,78.88,25.64
2021,93,0,79.98,25.57
2021,94,0.59,80.27,25.95
2021,95,1.97,81.73,26.19
2021,96,0.22,79.14,26.38
2021,97,0.23,77.78,25.56
2021,98,0.54,76.83,25.67
2021,99,2.67,79.69,25.72
2021,100,0.8,77.01,25.51
2021,101,0.98,77.34,25.34
2021,102,1.92,79.06,26.16
2021,103,4.38,81.18,26.94
2021,104,5.35,84.32,26.56
2021,105,6.95,82.15,26.68
2021,106,4.19,80.6,26.54
2021,107,0,75.31,27.2
2021,108,0.06,74.01,26.89
2021,109,8.61,73.39,27.32
2021,110,2.49,74.36,27.67
2021,111,3.32,82.49,27.18
2021,112,3.42,78.31,27.73
2021,113,2.42,75.39,27.87
2021,114,1.02,66.85,28.08
2021,115,2.13,66.5,28.78
2021,116,2.2,77.88,26.05
2021,117,1.88,78.05,25.68
2021,118,0.06,72.46,26.49
2021,119,0,66.05,28.53
2021,120,0,68.16,28.49
2021,121,0.09,70.27,27.73
2021,122,1.87,76.15,27.48
2021,123,1.96,77.07,27.45
2021,124,7.02,82.62,27.19
2021,125,3.68,81.12,27.55
2021,126,2.25,77.33,27.9
2021,127,4.22,84.06,27.12
2021,128,3.73,87.33,26.56
2021,129,1.21,79.11,27.99
2021,130,3.71,82.09,27.52
2021,131,0.97,79.65,27.98
2021,132,1.74,77.67,28.36
2021,133,1.66,77.35,27.96
2021,134,1.76,79.18,28.2
2021,135,2.25,84,27.52
2021,136,1.95,79.44,28.05
2021,137,2.12,77.81,28.41
2021,138,7.93,87.99,27.31
2021,139,1.96,80.69,28.15
2021,140,2.72,78.44,28.07
2021,141,3.59,79.17,28.55
2021,142,1.8,74.7,28.92
2021,143,1.45,73.01,29.14
2021,144,1.53,74.1,28.79
2021,145,0.95,74.9,28.67
2021,146,0.86,68.13,29.87
2021,147,0.53,69.93,29.97
2021,148,5.15,76.13,29.18
2021,149,0.87,70.62,30.24
2021,150,0.82,70.35,30.56
2021,151,1.27,70.14,30.55
2021,152,2.77,75.47,29.63
2021,153,33.69,91.72,27.27
2021,154,15.42,83.95,27.49
2021,155,1.85,81.95,27.73
2021,156,1.13,81.89,27.95
2021,157,3.52,81.56,27.6
2021,158,2.55,80.95,27.43
2021,159,11.24,83.81,27.13
2021,160,33.65,88.54,26.14
2021,161,8.92,84.24,26.79
2021,162,8.68,85.68,26.56
2021,163,8.51,88.06,26.31
2021,164,6.24,83.32,26.9
2021,165,1.16,83.85,26.59
2021,166,0.09,80.41,27.31
2021,167,0,82.2,27.16
2021,168,0.31,80.15,27.88
2021,169,0.14,81.4,27.72
2021,170,0.3,83.19,27.13
2021,171,2.13,85.99,27
2021,172,5.22,88.07,26.27
2021,173,3.33,83.41,26.51
2021,174,2.97,84.24,26.54
2021,175,1.95,85.2,26.11
2021,176,5.45,85.97,25.88
2021,177,2.95,79.67,27.27
2021,178,3.3,76.56,27.91
2021,179,3.85,78.76,27.99
2021,180,1.77,80.75,27.75
2021,181,0.69,81.64,27.49
2021,182,7.09,81.95,27.81
2021,183,7.16,82.62,27.74
2021,184,36.27,83.85,26.95
2021,185,30.8,90.23,26.53
2021,186,15.2,89.91,26.2
2021,187,10.6,92.53,25.59
2021,188,4.86,86.7,26.31
2021,189,17.12,90.23,26.64
2021,190,7.36,92.34,26.44
2021,191,18.07,91.33,26.16
2021,192,8.52,87.49,26.47
2021,193,5.12,89.18,26.92
2021,194,7.9,87.19,26.9
2021,195,3.36,78.36,27.81
2021,196,3.32,81.25,27.58
2021,197,4.96,84.54,26.9
2021,198,5.32,86.87,26.72
2021,199,5.5,86.2,26.36
2021,200,6.53,89.92,26.28
2021,201,16.37,94.58,26.11
2021,202,35.8,94.08,26.36
2021,203,54.48,92.21,26.6
2021,204,58.42,92.41,26.54
2021,205,39.15,93.6,26.39
2021,206,11.14,90.76,26.59
2021,207,4.19,90.16,26.8
2021,208,15.96,91.06,26.81
2021,209,18.39,92.91,26.57
2021,210,12.91,91.16,26.68
2021,211,2.77,91.35,26.81
2021,212,0.96,91.07,26.65
2021,213,4.16,89.74,26.84
2021,214,7.03,90.71,26.68
2021,215,3.26,89.67,26.79
2021,216,2.07,89.45,26.84
2021,217,3.07,88.68,27.02
2021,218,2.53,88.06,27.05
2021,219,0.74,87.47,27.1
2021,220,1.38,87.61,26.98
2021,221,4.04,86.79,26.89
2021,222,15.01,89.49,25.83
2021,223,1.26,89.38,25.42
2021,224,0.06,82.11,26.63
2021,225,0.42,77.37,27.57
2021,226,6.15,79.13,27.15
2021,227,9.54,79.18,27.6
2021,228,0.62,81.22,27.34
2021,229,0.79,84.37,27.01
2021,230,5,78.28,27.8
2021,231,14.54,78.12,28.12
2021,232,7.66,77.73,28.12
2021,233,7.69,84.76,27.2
2021,234,3.89,83.93,27.22
2021,235,6.26,83.56,26.99
2021,236,6.73,82.54,26.83
2021,237,10.08,87.47,26.01
2021,238,13.01,89.79,25.51
2021,239,11.83,88.22,25.88
2021,240,8.41,89.59,26.58
2021,241,21.66,92.42,25.85
2021,242,6.25,84.45,26.7
2021,243,8.49,86.23,26.75
2021,244,10.55,85.98,26.68
2021,245,6.45,81.31,27.2
2021,246,23.15,82.85,26.91
2021,247,19.76,87.6,26.15
2021,248,6.68,84.98,26.81
2021,249,21.5,86.74,26.58
2021,250,13.59,91.89,26.07
2021,251,98.37,95,25.71
2021,252,1.8,85.85,26.79
2021,253,7.31,90.77,26.06
2021,254,18.08,92.5,25.91
2021,255,5.85,92.35,25.85
2021,256,2.84,82.43,27.12
2021,257,3.09,86.71,26.37
2021,258,2.33,88.96,26.32
2021,259,23.34,83.41,26.97
2021,260,7.16,88.42,25.84
2021,261,14.17,90.37,26.45
2021,262,17.92,92.53,26.14
2021,263,14.89,90.64,26.32
2021,264,4.82,90.8,26
2021,265,5.44,89.38,26.18
2021,266,7.25,87.39,26.54
2021,267,7.42,88.57,26
2021,268,12.09,89.3,26.23
2021,269,3.9,84.84,27.29
2021,270,11.22,85.56,27.42
2021,271,12.46,85.1,27.45
2021,272,9.53,87.6,27.22
2021,273,16.52,89.39,26.96
2021,274,1.51,85.34,27.18
2021,275,10.52,88.28,26.96
2021,276,17.41,92.5,25.95
2021,277,23.52,93.28,26.2
2021,278,20.77,92.56,26.39
2021,279,1.31,83.33,26.93
2021,280,0.6,84.26,26.9
2021,281,3.84,84.58,27.08
2021,282,1.52,88.7,26.69
2021,283,0.59,86.62,27.38
2021,284,6.32,89.39,26.47
2021,285,12.9,91.25,26.05
2021,286,9.94,87.42,26.38
2021,287,5.87,90.02,25.93
2021,288,27.47,92.65,25.57
2021,289,11.48,91.94,25.67
2021,290,17.69,92.05,25.83
2021,291,12.93,91.13,25.45
2021,292,1.51,87.48,26.04
2021,293,8.36,91.97,25.71
2021,294,11.13,91.27,25.86
2021,295,2.96,87.16,25.95
2021,296,13.16,91.63,25.83
2021,297,22.89,93.83,25.24
2021,298,18.94,90.97,25.01
2021,299,11.42,90.33,25.56
2021,300,2.7,87.57,25.75
2021,301,9.25,89.35,25.27
2021,302,1.04,86.33,25.11
2021,303,0.84,86.76,25.39
2021,304,2.89,86.2,24.73
2021,305,4.77,87.43,25.45
2021,306,4.26,86.77,25.28
2021,307,3.95,87.23,24.97
2021,308,2.42,87.73,25.51
2021,309,16.26,91.2,25.99
2021,310,5.21,89.92,26.26
2021,311,8.37,94.06,25.6
2021,312,20.65,93.4,25.74
2021,313,6.19,88.85,25.56
2021,314,0.3,88.19,25.45
2021,315,3.19,89.53,25.46
2021,316,8.17,93.02,25.49
2021,317,8.53,93.22,25.83
2021,318,6.03,90.48,26.01
2021,319,6.77,89.22,25.99
2021,320,7.17,89.66,26.11
2021,321,6.61,91.93,25.68
2021,322,1.65,87.71,25.6
2021,323,2.41,87.9,26.04
2021,324,10.53,87.72,25.96
2021,325,6.86,87.15,26.5
2021,326,2.85,87,26.34
2021,327,10.92,91.11,25.7
2021,328,3.8,89.39,25.84
2021,329,17.52,93.39,25.66
2021,330,20.4,92.8,25.2
2021,331,8.37,93.02,25.35
2021,332,16.02,94.36,25.39
2021,333,3.22,91.53,25.67
2021,334,2.08,85,26.76
2021,335,3.28,88.06,25.38
2021,336,1.53,86.52,23.57
2021,337,1.52,85.28,23.13
2021,338,3.72,84.03,22.48
2021,339,1.59,81,22.44
2021,340,1.79,85.13,23.01
2021,341,4.39,87.88,23.34
2021,342,2.62,80.72,23.23
2021,343,0.68,82.05,22.95
2021,344,0.82,85.13,23.4
2021,345,9.66,89.97,24.5
2021,346,7.02,88.45,24.75
2021,347,4.08,88.81,24.03
2021,348,0.32,82.97,23.69
2021,349,2.33,88.13,24.07
2021,350,4.73,88.79,24.67
2021,351,22.49,91.08,25.5
2021,352,12.35,92.88,25.37
2021,353,0.85,91.91,25.34
2021,354,6.33,92.29,25.42
2021,355,7.96,93.74,25.35
2021,356,3.36,88.31,25.93
2021,357,0.97,86.67,25.25
2021,358,1.65,86.35,24.73
2021,359,11.27,90.25,24.54
2021,360,23.23,90.06,24.4
2021,361,32.37,89.84,23.17
2021,362,3.55,86.46,22.93
2021,363,2.85,86.59,23.48
2021,364,1.8,84.81,23.19
2021,365,0.93,81.57,22.52
2022,1,1.73,83.46,22.55
2022,2,0.97,83.18,22.42
2022,3,0.46,83.51,22.61
2022,4,1.01,83.92,22.54
2022,5,2.08,86.06,22.82
2022,6,0.71,85.97,23.08
2022,7,0.79,85.78,23.53
2022,8,2.3,87.63,24.35
2022,9,0.3,84.66,24.56
2022,10,0,81.65,24.97
2022,11,0,77.9,24.72
2022,12,5.56,85.2,23.17
2022,13,5.73,85.81,23.02
2022,14,2.22,84.95,22.36
2022,15,0.48,81.62,21.89
2022,16,0.98,83.39,22.32
2022,17,0.06,81.38,22.07
2022,18,0.02,81.47,22.43
2022,19,2.61,86.36,23.78
2022,20,4.31,87.72,24.13
2022,21,8.21,87.82,24.44
2022,22,10.07,87.78,24.39
2022,23,1.08,86.04,24.6
2022,24,0.37,85.37,24.93
2022,25,5.91,86.08,24.72
2022,26,29.75,93.15,24.49
2022,27,9.36,90,25.03
2022,28,2.98,85.78,25.75
2022,29,0.03,81.47,26.2
2022,30,3.96,84.86,25.81
2022,31,4.43,85.7,24.11
2022,32,3.54,86.05,23.95
2022,33,6.9,87.26,23.91
2022,34,13.3,88.62,24.33
2022,35,1.99,85.08,24.23
2022,36,0.99,82.49,24.32
2022,37,4.1,83.86,24.06
2022,38,10.55,88.69,24.33
2022,39,1.21,85.3,25.04
2022,40,0.82,84.25,24.55
2022,41,1.09,83.92,24.3
2022,42,2.07,84.22,24.24
2022,43,3.78,87.03,24.36
2022,44,11.28,90.17,24.69
2022,45,5.09,83.88,25.62
2022,46,0.9,82.94,24.83
2022,47,3.61,84.92,24.81
2022,48,6.89,86.12,24.92
2022,49,1.88,83.69,25.48
2022,50,0.77,82.61,25.77
2022,51,2.7,85.74,25.36
2022,52,7.81,86.66,24.81
2022,53,25.82,89.27,24.87
2022,54,6.25,86.26,24.6
2022,55,0.72,82.3,24.73
2022,56,2.31,83.71,24.36
2022,57,8.22,87.14,24.31
2022,58,5.67,85.64,24.78
2022,59,0.7,82.01,24.48
2022,60,0.74,82.46,24.77
2022,61,2.41,83.32,25.16
2022,62,6.67,84.26,25.33
2022,63,0.58,81.5,24.76
2022,64,0.08,81.95,25.23
2022,65,0,79.11,24.51
2022,66,0.01,76.12,25.42
2022,67,0.84,80.47,25.3
2022,68,0.68,80.54,24.68
2022,69,2.89,82.38,24.87
2022,70,3.58,86.38,26.08
2022,71,11.75,83.64,26.96
2022,72,20.34,88.84,25.97
2022,73,9.07,85.63,26.39
2022,74,4.05,83.09,26.72
2022,75,5.12,87.52,26.4
2022,76,2.47,86.49,26.48
2022,77,1.23,82.34,26.57
2022,78,1.31,83.64,26.38
2022,79,2.53,87.73,26
2022,80,1.64,83.45,26.32
2022,81,0.51,83.55,26.79
2022,82,1.9,80.45,27.1
2022,83,2.26,82.27,26.37
2022,84,1.33,81.68,26.8
2022,85,1.1,82.18,26.87
2022,86,0.89,80.9,26.98
2022,87,1.07,80.28,26.51
2022,88,5.03,86.11,26.06
2022,89,7.27,84.62,26.35
2022,90,1.2,82.67,26.61
2022,91,10.89,85.25,26.19
2022,92,1.05,78.15,25.55
2022,93,0.09,76.74,25.47
2022,94,14.15,79.52,25.56
2022,95,41.37,88.39,25.83
2022,96,18.9,88.56,25.41
2022,97,5.23,85.42,25.86
2022,98,9.43,87.39,25.63
2022,99,9.52,83.41,26.07
2022,100,4.5,87.14,25.3
2022,101,16.27,90.59,25.07
2022,102,12.72,81.43,26.54
2022,103,4.63,81.38,26.61
2022,104,1.68,79.17,27.13
2022,105,2.68,80.82,27.13
2022,106,14.02,89.55,25.66
2022,107,7.9,85.15,25.62
2022,108,1.34,81.29,25.47
2022,109,0.69,81.12,25.35
2022,110,1.02,81.23,25.99
2022,111,2.6,83.58,27
2022,112,6.3,85.92,26.67
2022,113,2.33,81.2,26.45
2022,114,4.54,82.54,27.28
2022,115,6.21,88.11,26.51
2022,116,5.59,89.86,26.37
2022,117,12.13,87.89,26.62
2022,118,7.65,88.39,26.51
2022,119,3.6,85.42,27.2
2022,120,1.17,84.31,26.89
2022,121,0.28,79.61,27.45
2022,122,0.17,78.43,27.41
2022,123,0.1,77.98,27.53
2022,124,0.63,77.94,27.5
2022,125,0.37,77.39,27.81
2022,126,0.52,79.08,27.75
2022,127,0.26,79.71,27.86
2022,128,0.45,78.82,27.79
2022,129,0.69,78.06,27.39
2022,130,1.08,78.57,27.14
2022,131,0.44,76.81,27.8
2022,132,0.34,75.84,28.34
2022,133,9.1,77.88,28.67
2022,134,4.78,75.12,29.21
2022,135,24.89,84.17,27.8
2022,136,12.26,81.95,27.77
2022,137,15.54,84.71,27.07
2022,138,11.5,85.98,26.69
2022,139,11.15,87.28,26.38
2022,140,16.13,83.91,26.43
2022,141,6.36,77.93,27.18
2022,142,9.55,81.2,27.21
2022,143,14.56,81.4,27.67
2022,144,3.85,80.68,27.88
2022,145,2.57,81.68,27.63
2022,146,6.7,82.03,27.78
2022,147,13.15,80.63,27.77
2022,148,8.34,87.83,26.39
2022,149,0.87,78.89,27.36
2022,150,1.82,80.14,27.72
2022,151,5.46,83.72,26.78
2022,152,10.28,92.64,26.11
2022,153,7.08,89.06,26.44
2022,154,4.78,79.23,27.45
2022,155,0.19,74.84,28.37
2022,156,0.62,72.23,28.9
2022,157,2.96,73.94,28.65
2022,158,3.44,79.26,27.62
2022,159,3.43,76.71,28.1
2022,160,2.76,82.19,27.34
2022,161,2.78,82.76,27.52
2022,162,3.79,83.03,27.13
2022,163,7.95,82.14,27.63
2022,164,8,79.89,28.15
2022,165,6.69,84.87,26.98
2022,166,5.03,79.46,27.31
2022,167,11.21,80.86,27.72
2022,168,6.38,80.73,27.8
2022,169,5.13,84.69,27.21
2022,170,4.08,81.19,27.74
2022,171,6.85,84.26,27.28
2022,172,6.41,86.58,26.49
2022,173,17.93,87.61,26.11
2022,174,9.86,84.01,26.76
2022,175,5.42,86.04,26.63
2022,176,2.15,82.04,27.28
2022,177,16.02,86.07,26.98
2022,178,21.93,87.78,26.24
2022,179,40.83,91.46,25.61
2022,180,13.94,86.65,25.84
2022,181,6.99,89.17,26.57
2022,182,6.24,90.76,26.18
2022,183,2.23,89.87,26
2022,184,0.07,84.66,26.87
2022,185,5.45,82.49,27.6
2022,186,5.07,79.94,27.66
2022,187,13.25,84.62,26.9
2022,188,13.37,86.05,27.02
2022,189,16.07,91.57,26.01
2022,190,13.13,87.12,27.19
2022,191,12.27,84.23,27.94
2022,192,12.97,84.14,27.78
2022,193,14.05,80.96,28.04
2022,194,1.13,84.49,26.91
2022,195,0.53,81.98,27.66
2022,196,1.74,78.44,28.29
2022,197,13.19,81.07,28.69
2022,198,15.93,86.19,27.25
2022,199,12.71,88.21,26.33
2022,200,7.24,83.29,26.94
2022,201,18.59,86.8,27.01
2022,202,18.37,91.35,26.72
2022,203,11.27,88.53,27.16
2022,204,5.49,86.06,27.36
2022,205,4.37,85.14,27.16
2022,206,4.55,84.07,26.99
2022,207,2.45,79.36,28.06
2022,208,3.44,88.01,27.04
2022,209,6.25,90.1,26.76
2022,210,9.2,91.75,26.65
2022,211,18.66,90.06,26.44
2022,212,25.89,89.87,26.01
2022,213,15.22,89.24,25.87
2022,214,8.96,83.15,26.83
2022,215,2.72,83.27,27.18
2022,216,20.2,89.26,26.44
2022,217,70.65,94.93,25.13
2022,218,13.22,89.79,25.39
2022,219,2.66,88.38,25.29
2022,220,4.6,90.69,25.32
2022,221,8.44,88.61,26.07
2022,222,5.41,89.75,26.06
2022,223,2.91,88.52,25.83
2022,224,4.71,83.84,27.09
2022,225,15.96,85.43,26.91
2022,226,6.8,82.79,27.41
2022,227,14.51,93.01,25.71
2022,228,1.62,88.28,26.08
2022,229,1.56,89.65,25.89
2022,230,4.72,87.06,25.84
2022,231,3.41,81.78,26.72
2022,232,2.91,82.31,26.81
2022,233,3.91,84.08,26.74
2022,234,19.4,93.79,25.54
2022,235,31.08,91.98,25.13
2022,236,14.05,89.56,25.93
2022,237,1.71,83.93,26.96
2022,238,4.81,85.59,26.59
2022,239,16.42,85.7,26.54
2022,240,16.08,90.35,26.43
2022,241,8.07,84.59,27.05
2022,242,6.78,82.69,27.47
2022,243,7.77,89.8,26.66
2022,244,6.73,89.39,26.18
2022,245,16.53,93.38,25.99
2022,246,23.73,92.85,25.99
2022,247,6.82,92.17,26.31
2022,248,2.53,89,26.32
2022,249,5.93,84.34,26.87
2022,250,5.27,87.11,26.83
2022,251,1.2,81.99,28.08
2022,252,25.45,90.94,26.78
2022,253,8.47,92.94,25.71
2022,254,5.62,88.83,26.01
2022,255,1.57,87.91,26.37
2022,256,0.66,89.28,26.37
2022,257,2.74,88.38,26.64
2022,258,1.23,89.51,26.45
2022,259,15.57,91,25.51
2022,260,4.57,85.69,25.85
2022,261,2.4,87.83,26.1
2022,262,18.96,92.68,25.92
2022,263,13.26,90.11,25.52
2022,264,12.18,88.61,25.38
2022,265,4.94,85.76,26.03
2022,266,16.92,91.98,25.26
2022,267,7.21,86.44,26.07
2022,268,73.23,95.02,25.24
2022,269,24.88,88.61,26.4
2022,270,31.29,93.12,25.78
2022,271,11.91,89.94,26.4
2022,272,7.25,84.9,26.92
2022,273,9.82,91.65,25.37
2022,274,4.32,89.4,25.93
2022,275,16.29,93.97,25.57
2022,276,15.58,93.91,25.93
2022,277,4.8,92.84,25.7
2022,278,3.93,91.76,25.77
2022,279,5.35,92.84,25.78
2022,280,6.28,90.91,25.91
2022,281,7.9,90.63,26.03
2022,282,6.02,87.98,26.13
2022,283,2.22,82.55,26.91
2022,284,4.35,84.03,27.24
2022,285,3.02,86.8,26.74
2022,286,13.46,85.22,26.97
2022,287,16.34,89.06,26.35
2022,288,4.58,90.65,26.41
2022,289,1.51,89.41,26.53
2022,290,2.22,90.61,26.47
2022,291,3.35,83.96,27.05
2022,292,28.3,88.75,26.5
2022,293,25.89,89.32,26.43
2022,294,6.08,86.56,26.59
2022,295,6.44,87.35,26.55
2022,296,10.9,92.19,25.95
2022,297,5.89,89.9,26.19
2022,298,70.72,93.15,26.08
2022,299,23.97,89.68,25.72
2022,300,3.29,86.9,26.2
2022,301,37.9,94.47,26.13
2022,302,160.1,92.55,26.1
2022,303,51.83,90.59,26.18
2022,304,7.82,95.06,26.28
2022,305,5.64,92.5,26.18
2022,306,0.34,84.53,26.53
2022,307,3.05,84.55,26.47
2022,308,14.25,90.99,25.56
2022,309,19.45,91.36,25.59
2022,310,8.98,91.44,25.47
2022,311,2.47,90.4,26.14
2022,312,1.67,92.91,25.76
2022,313,4.24,91.26,25.71
2022,314,6.6,91.28,26.42
2022,315,4.99,91.99,26.03
2022,316,6.98,93.88,25.73
2022,317,8.56,94.47,25.64
2022,318,12.03,90.38,26.17
2022,319,11.4,91.01,25.6
2022,320,7.31,90.44,25.53
2022,321,27.98,94.06,25.39
2022,322,16.32,93.1,25.02
2022,323,17.98,93.79,25.04
2022,324,13.65,95.79,24.98
2022,325,13.73,95.67,25.44
2022,326,6.71,90.76,25.98
2022,327,5.93,92.54,25.85
2022,328,1.65,90.81,25.91
2022,329,0.88,88.03,25.76
2022,330,0.35,86.59,25.56
2022,331,0.01,84.73,24.59
2022,332,1.49,88.29,25.43
2022,333,3.57,92.21,25.81
2022,334,10.88,91.05,25.82
2022,335,25.49,93.92,25.37
2022,336,7.57,90.24,25.39
2022,337,5.64,89.64,25.43
2022,338,7.57,90.07,25.63
2022,339,4.33,93.12,25.25
2022,340,1.63,89.33,25.64
2022,341,0.95,88.34,25.36
2022,342,5.03,85.03,25.09
2022,343,17.35,90.9,25.28
2022,344,24.13,87.64,25.63
2022,345,1.78,82.9,26.37
2022,346,0.64,83.02,25.91
2022,347,2.93,90.52,25.41
2022,348,27.26,94.33,25.34
2022,349,11.57,91.71,25.85
2022,350,4.85,94.12,25.49
2022,351,11.44,94.04,25.54
2022,352,32.02,91.27,23.93
2022,353,28.02,90.82,23.45
2022,354,24.38,91.44,24.3
2022,355,4.8,87.79,25.2
2022,356,2.48,87.12,23.67
2022,357,1.56,86.24,22.56
2022,358,6.47,89.6,21.23
2022,359,4.55,86.67,21.06
2022,360,2.59,86.59,21
2022,361,2.47,88.24,21.36
2022,362,10.34,87.83,22.43
2022,363,15.96,93.72,23.72
2022,364,5.85,92.9,25.06
2022,365,14.73,91.07,24.85
2023,1,17.84,94.84,24.83
2023,2,16.73,90.9,24.98
2023,3,35.36,93.12,24.55
2023,4,46.31,91.08,24.32
2023,5,58.88,92.38,24.66
2023,6,45.96,94.74,24.3
2023,7,9.44,88.22,23.39
2023,8,1.57,86.05,22.38
2023,9,1.7,88.35,22.67
2023,10,1.93,89.54,23.32
2023,11,0.84,87.65,23.33
2023,12,0.91,87.47,23.33
2023,13,8.52,90.21,23.54
2023,14,9.82,93.12,23.95
2023,15,41.18,93.39,24.08
2023,16,11.42,92.25,24.17
2023,17,14.7,91.4,23.88
2023,18,10.33,92.87,23.75
2023,19,2.17,89.51,24.05
2023,20,12.94,90.46,24.07
2023,21,15.2,91.1,23.79
2023,22,6.86,90.65,24.22
2023,23,1.16,88.73,24.4
2023,24,2.19,88.21,24.42
2023,25,4.7,87.46,22.23
2023,26,1.5,87.31,22.44
2023,27,11.41,91.03,23.14
2023,28,6.91,87.77,21.93
2023,29,2.87,87.05,21.77
2023,30,1.54,86.98,22.73
2023,31,1.47,87.26,23.08
2023,32,4.94,89.12,24.25
2023,33,5.91,90.06,24.84
2023,34,1.93,87.46,24.28
2023,35,0.38,85.46,23.58
2023,36,5.33,89.05,23.71
2023,37,4.88,89.03,24.34
2023,38,3.05,89.22,24.74
2023,39,4.03,87.71,23.7
2023,40,1.1,86.19,23.35
2023,41,0.05,86.68,24.09
2023,42,0.52,86.06,24.27
2023,43,0.59,86.24,24.35
2023,44,0.83,84.93,23.85
2023,45,0.22,84.3,23.54
2023,46,0.81,81.45,23.06
2023,47,3.33,82.36,23.06
2023,48,1.36,81.17,22.73
2023,49,9.11,90.46,22.84
2023,50,29.96,93.58,23.69
2023,51,20.38,88.74,24.91
2023,52,1.84,84.46,24.74
2023,53,0.21,81.05,24.31
2023,54,0.01,75.33,25.74
2023,55,0.08,79.31,26.22
2023,56,3.34,86.52,25.49
2023,57,9.32,87.66,24.53
2023,58,3.4,84.25,23.48
2023,59,0.68,82.44,23.65
2023,60,2.87,86.04,24.77
2023,61,0.83,81.02,23.74
2023,62,1.04,77.76,22.55
2023,63,0.22,80.09,23
2023,64,0.46,79.06,22.92
2023,65,0.02,77.59,22.73
2023,66,0.12,80.72,23.31
2023,67,0.16,80.96,23.98
2023,68,0.17,79.73,24.2
2023,69,1.45,82.33,23.62
2023,70,1.16,80.74,23.11
2023,71,1.17,80.29,23.51
2023,72,3.23,82.01,23.36
2023,73,0.33,78.84,23.74
2023,74,0.67,82.13,24.69
2023,75,0.79,80.8,25.37
2023,76,0.95,80.71,24.97
2023,77,0.03,79.9,25.21
2023,78,0.05,78.39,24.58
2023,79,0.09,80.62,24.34
2023,80,0,77.92,24.69
2023,81,0,79.02,25.71
2023,82,0.31,77.55,26.54
2023,83,2.55,81.95,26.96
2023,84,0.75,79.46,27.04
2023,85,0.08,76.36,26.8
2023,86,0.3,78.01,26.53
2023,87,0.43,78.33,26.64
2023,88,0.17,76.51,26.24
2023,89,1.11,78.29,26.91
2023,90,1.83,78.72,27.14
2023,91,0.61,75.46,26.97
2023,92,1.17,74.91,27.3
2023,93,3.03,78.28,26.73
2023,94,4.01,79.17,25.76
2023,95,0.01,71.59,25.46
2023,96,0.1,73.96,25.64
2023,97,0.08,71.5,27.01
2023,98,0.27,74.66,26.75
2023,99,2.82,78.31,26.35
2023,100,0.43,73.87,26.63
2023,101,0.14,70.65,26.63
2023,102,9.92,72.56,27.35
2023,103,32.19,81.86,27.29
2023,104,13.71,82.34,26.77
2023,105,1.21,77.52,27.51
2023,106,2.89,77.25,28.06
2023,107,3.22,75.26,28.56
2023,108,1.68,79.27,27.8
2023,109,0.03,74,28.55
2023,110,0,69.33,29.44
2023,111,0.2,71.26,29.42
2023,112,3.29,77.18,28.22
2023,113,2.75,78.11,27.94
2023,114,1.72,75.65,27.48
2023,115,0.66,76.3,27.02
2023,116,0.09,74.1,27.42
2023,117,0.62,75.3,27.37
2023,118,1.04,75.54,27.67
2023,119,2.4,76.83,28.46
2023,120,4.58,79.72,28.05
2023,121,2.04,78.22,28.13
2023,122,2.74,74.93,27.9
2023,123,7.41,82.88,27.26
2023,124,12,84.09,27.44
2023,125,3.84,80.51,28.15
2023,126,0.28,73.33,28.51
2023,127,0.08,72.41,29.49
2023,128,1.18,73.16,29.76
2023,129,3.57,83.52,27.57
2023,130,9,83.38,27.86
2023,131,5.3,83.74,27.31
2023,132,6.05,79.45,27.88
2023,133,3.85,78.6,27.89
2023,134,5.58,76.67,29.69
2023,135,7.71,77.64,28.97
2023,136,3.6,76.84,28.76
2023,137,3.81,80.72,28.2
2023,138,2.87,75.19,29.26
2023,139,5.6,77.14,28.86
2023,140,10.26,77.7,28.22
2023,141,3,72.15,29.42
2023,142,1.03,77.85,28.34
2023,143,3.95,80.47,27.99
2023,144,3.84,75.37,28.95
2023,145,8.55,73.72,29.08
2023,146,8.66,80.46,27.91
2023,147,6.77,76.18,28.41
2023,148,3,76.59,28.64
2023,149,3.8,81.24,28.67
2023,150,4.56,82.71,28.13
2023,151,6.27,83.72,28.18
2023,152,4.35,85.4,27.92
2023,153,3.41,86.56,27.81
2023,154,3.09,84.65,27.87
2023,155,9.63,81.28,27.98
2023,156,11.26,83.63,27.43
2023,157,18.29,80.4,28.09
2023,158,6.17,79.91,28.12
2023,159,4.84,83.84,27.62
2023,160,5.46,81.31,28.03
2023,161,20.48,90.93,26.9
2023,162,21.59,94.14,26.66
2023,163,4.09,89.42,26.88
2023,164,2.31,88.49,27.26
2023,165,2.17,87.79,27.32
2023,166,9.3,87.28,27.33
2023,167,6.17,85.78,27.33
2023,168,7.24,83.51,27.78
2023,169,4.89,82.34,27.69
2023,170,6.57,74.47,29
2023,171,12.64,76.55,29.02
2023,172,4,76.05,29.36
2023,173,5.3,79.78,28.61
2023,174,5.71,83.19,27.59
2023,175,5.73,82.85,27.43
2023,176,9.63,87.45,26.28
2023,177,16.64,88.94,26.37
2023,178,8.38,84.17,27.43
2023,179,24.56,89.52,27.24
2023,180,13.66,88.45,27
2023,181,14.49,87.15,26.91
2023,182,8.93,81.15,28.22
2023,183,6.21,84.29,27.5
2023,184,2.32,88,26.91
2023,185,0.54,82.16,27.7
2023,186,0.42,86.37,27.34
2023,187,1.49,81.73,28.16
2023,188,7.27,81.89,27.86
2023,189,3.15,80.59,27.89
2023,190,3.51,81.91,27.55
2023,191,1.54,77.81,27.54
2023,192,7.49,78.12,28.48
2023,193,6.6,84.54,27.75
2023,194,63.05,93.34,25.93
2023,195,24.38,93.21,26.09
2023,196,25.16,89.25,26.73
2023,197,18.28,91.01,26.5
2023,198,6.05,88.84,26.62
2023,199,8.91,86.52,26.93
2023,200,5.93,80.57,27.64
2023,201,9.4,84.6,27.14
2023,202,18.08,85.67,27.33
2023,203,9.9,81.59,28.18
2023,204,16.34,86.08,27.23
2023,205,9.55,91.47,26.22
2023,206,25.13,92.73,26.33
2023,207,27.59,92.35,26.36
2023,208,26.3,89.47,26.77
2023,209,27.5,91.71,26.53
2023,210,23.33,91.62,26.2
2023,211,25.89,93.31,25.94
2023,212,8.78,92.58,26.02
2023,213,14.21,93.47,26.19
2023,214,18.44,92.63,26.55
2023,215,6.55,91.18,26.62
2023,216,1.38,88.04,26.86
2023,217,1.21,87.13,27.01
2023,218,1.27,86.69,27.02
2023,219,4.7,87.8,26.97
2023,220,3.41,89.47,27.17
2023,221,0.21,88.78,27.28
2023,222,0.68,87.71,27.41
2023,223,1.59,89.93,26.89
2023,224,0.56,87.52,26.99
2023,225,1.4,87.89,27.17
2023,226,4.72,89.79,26.6
2023,227,5.28,86.91,27.2
2023,228,3.74,87.46,26.94
2023,229,2.38,88.52,26.73
2023,230,5.98,88.29,26.94
2023,231,2.3,84.54,27.31
2023,232,0.82,85.98,26.87
2023,233,3.38,86.02,26.92
2023,234,16.1,90.87,26.38
2023,235,6.34,87.19,26.77
2023,236,3.52,88.25,26.54
2023,237,1.77,86.37,26.83
2023,238,11.63,90.95,26.26
2023,239,19.88,93.37,26.47
2023,240,7.5,90.2,26.92
2023,241,5.69,90.57,26.36
2023,242,14.61,90.78,26.36
2023,243,16.92,89.87,26.76
2023,244,17.9,91.79,26.69
2023,245,22.44,92.13,26.8
2023,246,21.42,92.46,26.73
2023,247,10.44,93,26.73
2023,248,4.04,91.33,26.47
2023,249,1.32,82.92,27.15
2023,250,0.71,80.15,28.06
2023,251,1.77,84.92,27.37
2023,252,0.74,81.64,27.97
2023,253,2.2,88.08,26.75
2023,254,1.68,84.26,26.99
2023,255,7.38,89.37,26.23
2023,256,9.41,88.72,26.44
2023,257,4.76,81.98,27.15
2023,258,5.39,80.87,27.62
2023,259,7.25,82.48,27.63
2023,260,7.8,85.21,27.26
2023,261,4.42,83.88,27.6
2023,262,2.83,83.21,27.71
2023,263,2.17,81.18,28.18
2023,264,8.43,79.74,28.44
2023,265,19.08,80.1,28.31
2023,266,17.13,85.09,27.2
2023,267,6.26,85.12,26.84
2023,268,17.7,84.84,27.64
2023,269,7.65,83.34,27.77
2023,270,7.07,87.32,27.24
2023,271,12.01,85.67,27.52
2023,272,4.22,80.99,28.25
2023,273,1.49,86.7,27.56
2023,274,2.31,89.07,27.03
2023,275,12.33,90.66,26.7
2023,276,9.67,92.8,26.73
2023,277,3.27,92.2,26.49
2023,278,15.79,90.65,26.34
2023,279,2.39,82.61,26.47
2023,280,0.07,76.36,27.42
2023,281,1.68,79.66,27.53
2023,282,7.62,90.46,26.67
2023,283,12.45,90.84,26.51
2023,284,25.93,90.52,26.41
2023,285,11.89,92.29,26.11
2023,286,2.91,86.27,27.13
2023,287,4.34,86.78,27.14
2023,288,6.42,89.54,26.5
2023,289,8.65,88.67,26.06
2023,290,7.11,86.9,26.82
2023,291,14.48,91.06,26.49
2023,292,12.41,90.05,26.63
2023,293,17.49,89.24,26.11
2023,294,18.13,91.89,25.97
2023,295,9.84,93.76,25.78
2023,296,9.49,93.03,25.38
2023,297,7.73,90.83,26.27
2023,298,3.85,86.6,26.77
2023,299,0.83,87.29,26.77
2023,300,5.71,85.27,27.09
2023,301,6.47,88.04,26.5
2023,302,3.33,86.83,26.14
2023,303,4.25,86.31,26.06
2023,304,6.85,87.69,25.78
2023,305,18.99,93.11,25.84
2023,306,15.3,91.29,26.26
2023,307,1.94,87.07,26.67
2023,308,2.71,89.87,26.46
2023,309,3.75,89.99,26.53
2023,310,8.27,88.69,26.5
2023,311,17.1,92.8,25.96
2023,312,13.36,92.88,26.17
2023,313,3.45,88.69,26.67
2023,314,0.97,86.51,26.18
2023,315,12.74,91.13,26.01
2023,316,9.88,88.79,26.18
2023,317,18.01,91.01,25.72
2023,318,12.92,89.2,25.74
2023,319,31.93,91.16,25.74
2023,320,9.75,87.21,25.69
2023,321,0.43,85.39,25.25
2023,322,0.83,87.42,24.96
2023,323,0.48,85.07,24.61
2023,324,2.97,89.1,24.84
2023,325,1.63,87.69,25.13
2023,326,1.3,88.1,24.92
2023,327,20.01,91.23,25.65
2023,328,21.45,93.66,25.66
2023,329,36.28,91.25,25.43
2023,330,10.84,90.04,25.56
2023,331,4.41,88.84,26
2023,332,18.75,89.52,25.75
2023,333,11.5,91.66,25.95
2023,334,11.79,92.59,25.62
2023,335,18.24,90.96,25.54
2023,336,15.23,88.97,25.37
2023,337,24.12,90.37,25.2
2023,338,5.6,89.19,25.66
2023,339,1.79,88.79,26.45
2023,340,5.51,89.76,25.86
2023,341,2.99,89.98,25.68
2023,342,2.78,87.88,25.44
2023,343,1.34,88.33,25.44
2023,344,1.71,89.27,25.37
2023,345,1.05,88.42,25.49
2023,346,2.72,88.57,25.68
2023,347,3.06,88.86,25.74
2023,348,11.3,88.6,25.07
2023,349,25.26,90.13,25.35
2023,350,7.48,89.06,25.51
2023,351,7.16,88.62,24.69
2023,352,17.18,89.74,25.48
2023,353,27.63,90.93,25.68
2023,354,5.68,90.97,25.63
2023,355,13.64,93.24,25.34
2023,356,47.19,92.81,24.4
2023,357,21.14,89.61,23.77
2023,358,6.79,89.49,24.85
2023,359,14.95,89.47,24.58
2023,360,13.92,89.73,24.89
2023,361,5.69,89.68,25.06
2023,362,15.31,90.43,24.88
2023,363,4.6,89.27,25.04
2023,364,4.16,89.5,25.86
2023,365,3.51,89.65,25.71
2024,1,5.23,92.76,25.9
2024,2,2.38,89.58,25.7
2024,3,1.62,88.01,25.71
2024,4,2.55,88.74,25.13
2024,5,1.99,87.77,24.62
2024,6,0.49,85.46,24.68
2024,7,0.98,85.5,24.5
2024,8,11.52,89.25,24.87
2024,9,6.87,88.89,25.69
2024,10,0.71,84.4,26.23
2024,11,1.58,86.43,24.13
2024,12,0.72,83.85,23.24
2024,13,1.65,84.67,23.2
2024,14,3.38,85.9,23.38
2024,15,3.54,85.37,23.28
2024,16,3.85,83.68,22.73
2024,17,1.87,80.98,22.38
2024,18,2.38,85.01,23.3
2024,19,2.89,87.77,24.29
2024,20,3.02,87.22,24.11
2024,21,2.1,86.2,24.61
2024,22,3.57,88.06,24.54
2024,23,4.36,86.72,24.97
2024,24,13.55,86.82,23.36
2024,25,4.62,84.19,22.81
2024,26,0.46,81.2,22.1
2024,27,0.34,78.92,21.85
2024,28,0.7,81.55,21.92
2024,29,1.38,81.32,22.61
2024,30,1.09,82.8,23.11
2024,31,1.67,86.05,23.55
2024,32,3.13,86.04,23.72
2024,33,3.68,85.02,24.08
2024,34,1.75,86.6,24.71
2024,35,0.39,84.34,24.82
2024,36,1.02,85.21,25.07
2024,37,0.47,84.06,24.95
2024,38,0.07,82.4,24.52
2024,39,0.29,79.33,25.05
2024,40,0.47,82.25,24.72
2024,41,0.66,81.77,24.44
2024,42,0.63,77.91,23.81
2024,43,0.93,75.68,22.95
2024,44,3.19,82.46,23.91
2024,45,2.2,84.9,24.65
2024,46,1.2,82.85,25.21
2024,47,0.71,81.59,24.84
2024,48,1.12,81.93,24.25
2024,49,0.18,80.84,24.65
2024,50,0.15,79.67,25.02
2024,51,0,77.36,24.91
2024,52,0.54,77.87,24.86
2024,53,1.61,83,25.42
2024,54,2.46,81.88,25.56
2024,55,5.18,79.46,25.41
2024,56,5.11,82.57,25.24
2024,57,0.38,74.67,24.23
2024,58,0.31,77.27,24.04
2024,59,0.22,75.39,24.42
2024,60,0.18,74.98,24.69
2024,61,0.18,76.37,25.01
2024,62,0.01,75.7,24.56
2024,63,0.04,76.08,24.75
2024,64,0.67,80.44,26.06
2024,65,0.15,75.69,25.77
2024,66,0.01,69.6,27.25
2024,67,0.08,75.74,26.35
2024,68,0.33,75.01,25.81
2024,69,4.65,80.27,25.09
2024,70,2.21,75.2,25.11
2024,71,2.44,79.38,25.06
2024,72,3.08,79,26.41
2024,73,5.33,81.9,25.82
2024,74,3.59,79.59,25.41
2024,75,4.06,81.35,25.57
2024,76,3.51,79.05,25.9
2024,77,0.47,76.04,26.07
2024,78,0.5,75.42,25.63
2024,79,1.51,76.14,25.96
2024,80,1.98,78.01,25.56
2024,81,3.89,79.4,24.76
2024,82,2.36,80.48,25.56
2024,83,2.97,79.17,26.32
2024,84,0.15,74.71,26.67
2024,85,0.2,72.69,26.73
2024,86,2.75,80.26,27.28
2024,87,11.41,88.46,26.85
2024,88,5.57,85.25,27.32
2024,89,4.93,83.49,27.15
2024,90,0.88,78.62,26.88
2024,91,0,75.61,26.97
2024,92,0.12,74.34,27.75
2024,93,0.24,71.76,27.72
2024,94,0.28,71.15,27.38
2024,95,0.38,75.97,27.61
2024,96,0.91,75.06,27.48
2024,97,1.02,76.62,27.9
2024,98,0.68,74.72,27.91
2024,99,0.13,69.37,27.62
2024,100,0.21,73.92,27.86
2024,101,0.15,72.18,27.39
2024,102,0.03,73.08,27.62
2024,103,0.65,72.69,27.84
2024,104,0.15,74.03,27.97
2024,105,0,72.42,28.61
2024,106,0,67.25,28.63
2024,107,0,71.05,28.12
2024,108,0,68.72,28.34
2024,109,0,64.03,29.64
2024,110,0,67.09,28.86
2024,111,0.06,69.53,28.66
2024,112,0.05,67.24,28.39
2024,113,1.31,73.06,28.89
2024,114,1.3,72.53,29.77
2024,115,3.59,71.92,30.03
2024,116,0.56,63.73,30.12
2024,117,0.06,63.3,30.36
2024,118,0.09,66.64,31.01
2024,119,0.14,70.1,30.41
2024,120,0.03,64.16,30.44
2024,121,0,66.9,30.33
2024,122,0.57,67.45,30.41
2024,123,0.07,66.51,29.38
2024,124,0.02,65.82,29.58
2024,125,0.27,68.22,29.55
2024,126,0.6,70.73,29.75
2024,127,1.37,72.59,29.63
2024,128,0.18,67.13,29.56
2024,129,1.17,68.47,29.26
2024,130,0.95,71.44,29.38
2024,131,3.33,72.41,29.33
2024,132,0.95,70.07,29.66
2024,133,2.96,71.26,29.86
2024,134,7.67,77.56,29.4
2024,135,6.7,76.36,29.4
2024,136,1.24,72.6,29.67
2024,137,3.05,74.81,29.32
2024,138,3.35,76.3,29.33
2024,139,12.42,77.29,29.07
2024,140,7.63,71.06,29.95
2024,141,3.9,69.4,30.33
2024,142,1.51,73.54,29.66
2024,143,1.54,72.89,29.72
2024,144,0.69,71.72,29.86
2024,145,9.68,79.32,28.98
2024,146,47.58,81.84,27.98
2024,147,116.6,94.8,26.5
2024,148,17.7,88.97,27.51
2024,149,2.03,85.35,28.18
2024,150,9.36,89.17,27.57
2024,151,2.98,84.22,28.27
2024,152,0.11,84.67,28.25
2024,153,0.07,83.44,28.52
2024,154,2.11,76.4,29.93
2024,155,4.84,81.57,28.46
2024,156,4.88,80.69,28.08
2024,157,18.37,77.25,29.25
2024,158,15.62,79.43,28.54
2024,159,12.29,86.34,27.36
2024,160,4.11,82.71,27.93
2024,161,6.01,85.15,27.85
2024,162,2.64,81.27,28.51
2024,163,4.28,71.78,30.44
2024,164,4.43,73.92,29.57
2024,165,1.6,76.75,29.92
2024,166,5.19,80.23,28.81
2024,167,7.64,82.75,28.24
2024,168,20.86,85.69,27.92
2024,169,7.37,83.54,27.78
2024,170,15.12,79.95,28.46
2024,171,15.86,81.82,28.16
2024,172,5.45,85.7,27.48
2024,173,10.84,88.48,26.9
2024,174,4.09,82.03,27.96
2024,175,12.11,78.3,28.68
2024,176,18.26,80.38,28.24
2024,177,10.55,88.22,26.74
2024,178,10.3,90.93,26.48
2024,179,4.82,88.32,26.97
2024,180,1.45,87.29,26.91
2024,181,1.84,83.27,27.75
2024,182,5.36,84.64,27.64
2024,183,4.4,83.84,27.61
2024,184,6.82,89.14,26.71
2024,185,10.05,87.28,26.97
2024,186,15.46,89.4,27.02
2024,187,10.87,88.3,26.78
2024,188,21.06,90.49,26.6
2024,189,12.2,89.69,26.58
2024,190,12.19,90.7,26.3
2024,191,23.31,82.48,27.82
2024,192,8.02,82.09,27.59
2024,193,6.6,82.46,27.58
2024,194,9.97,80.57,28.06
2024,195,8.3,88.43,27.03
2024,196,7.43,89.84,26.77
2024,197,20.4,91.47,26.22
2024,198,11.79,88.12,26.76
2024,199,7.4,83.8,27.56
2024,200,26.85,88.6,27.2
2024,201,11.49,87.23,27.36
2024,202,9.42,86.65,27.37
2024,203,9.6,90.63,26.65
2024,204,36.47,95.67,26.41
2024,205,130.33,95.32,26.14
2024,206,48.65,91.06,26.06
2024,207,26.09,91.01,26.8
2024,208,2.07,87.35,27.09
2024,209,10.97,88.62,26.72
2024,210,12.36,88.85,25.75
2024,211,2.28,84.8,26.16
2024,212,1.87,79.12,26.55
2024,213,3.56,82.96,27.21
2024,214,11.65,86.01,26.97
2024,215,7.83,81.61,27.73
2024,216,8.12,81.58,28
2024,217,14.94,89.34,27.08
2024,218,10.83,92.26,25.95
2024,219,4.21,90.01,26.04
2024,220,3.62,87.95,26.87
2024,221,4.54,90.94,26.8
2024,222,3.94,90.21,26.6
2024,223,5.45,90.05,26.7
2024,224,1.74,87.48,27.2
2024,225,1.1,86.42,27.28
2024,226,1.41,85.56,27.36
2024,227,4.38,89.58,27
2024,228,1.78,86.12,27.15
2024,229,3.97,80.24,27.87
2024,230,2.35,74.37,28.93
2024,231,3.42,75.03,29.04
2024,232,6.95,84.8,27.66
2024,233,5.11,81.94,28.09
2024,234,5.58,81.46,28.01
2024,235,5.33,84.35,27.59
2024,236,14.67,84.06,28.09
2024,237,10.26,76.5,28.71
2024,238,10.83,83.92,27.47
2024,239,13.13,84.45,27.36
2024,240,12.03,91.05,26.63
2024,241,15.51,92.03,26.38
2024,242,9.08,91.19,26.69
2024,243,7.75,87.85,27.28
2024,244,7.43,85.73,27.91
2024,245,45.07,86.09,27.56
2024,246,76.49,94.73,25.72
2024,247,17.4,91.45,26.49
2024,248,43.74,92.8,26.47
2024,249,26.63,91.31,26.42
2024,250,9.21,88.91,26.8
2024,251,2.6,80.29,27.7
2024,252,1.44,85.98,27.17
2024,253,0.52,86.14,27
2024,254,1.65,86.74,27.17
2024,255,3.92,87.11,27.47
2024,256,9,91.23,26.04
2024,257,20.27,94.56,26.18
2024,258,16.62,94.96,26.02
2024,259,10.29,92.25,26.33
2024,260,6.04,91.58,26.2
2024,261,13.85,83.32,26.84
2024,262,20.21,93.09,26.27
2024,263,7.84,93.34,26.2
2024,264,13.5,93.17,25.86
2024,265,11.63,91.66,25.47
2024,266,9.6,86.26,26.46
2024,267,0.66,87.52,26.82
2024,268,0.94,88.69,27.26
2024,269,0.61,87.14,27.38
2024,270,0.58,78.23,28.41
2024,271,0.66,88.06,26.74
2024,272,0.12,87.56,27.1
2024,273,9.77,92,26.43
2024,274,4.52,92.31,26.34
2024,275,2.58,87.54,26.37
2024,276,1.62,84.46,26.82
2024,277,1.26,81.15,27.59
2024,278,5.96,90.3,26.4
2024,279,13.52,88.68,26.67
2024,280,28.08,93.12,26.31
2024,281,6.76,90.93,26.12
2024,282,12.34,90.94,25.74
2024,283,2.1,82.91,27.28
2024,284,3.51,81.49,28.14
2024,285,10.45,83.66,27.48
2024,286,20.3,89.78,26.57
2024,287,6.69,89.64,26.69
2024,288,18.45,91.22,26.64
2024,289,8.5,90.49,26.73
2024,290,3.39,87.92,26.82
2024,291,1.92,83.9,26.83
2024,292,1.46,85.46,27.12
2024,293,3.88,89.96,27.09
2024,294,42.53,90.08,26.94
2024,295,11.39,87.92,27
2024,296,37.67,89.25,26.83
2024,297,79.93,94.56,26.39
2024,298,157.47,93.18,26.1
2024,299,12.09,88.79,26.2
2024,300,4.14,87.15,26.37
2024,301,1.67,90.11,25.54
2024,302,0.01,86.83,26.02
2024,303,0.08,89.36,26.21
2024,304,1.81,90.53,26
2024,305,2.85,93.46,26.12
2024,306,3.07,88.03,26.85
2024,307,1.98,88.09,26.6
2024,308,12.99,90.27,26.08
2024,309,11.3,91.1,25.74
2024,310,9.61,86.35,25.83
2024,311,7.53,80.76,27.03
2024,312,2.44,81.42,27.35
2024,313,4.31,87.67,26.66
2024,314,2,87.79,26.63
2024,315,5.01,86.61,26.68
2024,316,4.58,92.49,26.08
2024,317,2.15,82.75,27.24
2024,318,1.71,79.59,27.74
2024,319,0.14,87.26,26.43
2024,320,0.02,83.47,27.03
2024,321,2.39,87.54,26.28
2024,322,37.29,92.72,25.12
2024,323,5.16,90.88,26.38
2024,324,0.39,87.04,26.26
2024,325,0.55,86.19,26.09
2024,326,0.26,84.58,25.63
2024,327,0.34,84.21,25.49
2024,328,0.87,87.53,25.66
2024,329,5.44,88.61,25.6
2024,330,3.94,88.68,26.05
2024,331,2.05,86.43,25.85
2024,332,1.82,86.5,25.56
2024,333,7.47,87.22,25.87
2024,334,19.03,92.6,25.25
2024,335,9.78,89.59,25.08
2024,336,44.06,93.89,24.81
2024,337,43.96,92.37,25.46
2024,338,7.52,93.49,25.99
2024,339,5.83,89.58,26.28
2024,340,0.77,87.61,25.99
2024,341,4.85,87.3,25.7
2024,342,11.73,90.42,26.23
2024,343,16.8,94.28,25.92
2024,344,22.17,92.94,25.2
2024,345,58.91,93.3,25.07
2024,346,25.22,93.04,25.39
2024,347,9.48,90.7,25.86
2024,348,5.12,89.39,25.68
2024,349,3.5,87.78,25.26
2024,350,5.3,89.08,24.69
2024,351,14.84,89.77,24.75
2024,352,22.05,91.11,24.46
2024,353,20.42,90.44,24.73
2024,354,2.82,88.37,24.48
2024,355,5.88,88.73,24.52
2024,356,11.34,90.91,24.67
2024,357,5.02,89.87,24.45
2024,358,7.54,90.9,24.58
2024,359,59.55,93.27,25.34
2024,360,39.09,94.34,24.27
2024,361,14.78,91.53,25.53
2024,362,12.33,91.09,25.56
2024,363,19.81,91.91,25.16
2024,364,30.12,91.24,24.46
2024,365,23.04,90.98,25.36
2024,366,19.58,90.03,25.56
2025,1,9.2,90.88,25.4
2025,2,11.25,93.07,25.06
2025,3,6.45,89.42,25.52
2025,4,6.05,92.37,24.65
2025,5,7.67,91.29,23.89
2025,6,7,89.54,24.74
2025,7,5.48,90.01,24.61
2025,8,3.17,88.8,24.29
2025,9,3.1,87.73,24.34
2025,10,2.1,89.11,23.27
2025,11,13.95,89.17,23.45
2025,12,26.55,89.92,23.24
2025,13,15.46,91.29,23.31
2025,14,12.38,91.32,24.17
2025,15,3.15,89.41,24.88
2025,16,1.65,88.6,24.56
2025,17,6.98,88.83,23.92
2025,18,6.96,90.18,24.47
2025,19,1.59,85.68,25.56
2025,20,2.32,86.98,25.55
2025,21,3.95,88.79,24.94
2025,22,2.12,87.6,24.51
2025,23,2.55,89.17,24.8
2025,24,1.03,87.53,25.38
2025,25,0.2,85.31,25.48
2025,26,0.43,85.33,24.56
2025,27,0.56,84.01,23.23
2025,28,1.16,86,22.78
2025,29,10.87,87.94,22.67
2025,30,24.09,89.45,23.19
2025,31,10.82,90.02,24.86
2025,32,0.73,86.51,25.59
2025,33,0,84.62,26.15
2025,34,0.38,84.08,25.42
2025,35,9.29,88.29,24.35
2025,36,6.41,88.09,23.62
2025,37,19.89,89.25,24.12
2025,38,14.03,91.73,24.31
2025,39,20.32,91.81,23.71
2025,40,8.64,87.1,22.87
2025,41,19.09,90.22,23.37
2025,42,26.79,92.67,24.37
2025,43,7.92,88.72,25.51
2025,44,11.02,89.56,25.17
2025,45,6.1,88.22,24.75
2025,46,6.4,88.43,25.55
2025,47,3.23,87.11,26.03
2025,48,3.15,88.2,25.63
2025,49,14.36,89.65,25.08
2025,50,4.73,86.69,24.46
2025,51,12.75,90.27,23.91
2025,52,7.86,88.06,24.11
2025,53,4.58,85.49,24.16
2025,54,1.78,84.77,24.57
2025,55,2.01,84.02,24.13
2025,56,6.5,85.77,23.73
2025,57,1.13,82.78,23.3
2025,58,0.11,80.55,23.18
2025,59,0.75,84.12,24.05
2025,60,1.22,85.09,24.98
2025,61,1.23,86.31,26.04
2025,62,0.53,84.78,25.6
2025,63,1.88,84.93,26.36
2025,64,0.62,83.19,26.76
2025,65,1.23,82.46,26.62
2025,66,9.6,87.06,25.89
2025,67,18.49,91.43,25.03
2025,68,20.91,90.94,25.24
2025,69,9.63,86.1,25.46
2025,70,5.16,86.18,26
2025,71,1.85,84.81,26.03
2025,72,0.11,80.55,25.67
2025,73,0,80.32,25.08
2025,74,0,82.39,25.61
2025,75,0.12,78.82,25.98
2025,76,4.69,85.06,25.17
2025,77,3.07,83.46,25.06
2025,78,3.43,83.86,24.89
2025,79,3.52,84.86,23.88
2025,80,2.15,81.78,23.72
2025,81,0.15,77.86,23.58
2025,82,0.06,79.3,24.02
2025,83,2.11,83.46,25.38
2025,84,0.19,81.54,26.51
2025,85,0.38,80.98,26.71
2025,86,3.13,86.68,26.7
2025,87,7.26,81.55,26.68
2025,88,11.96,91.39,25.7
2025,89,9.55,87.83,25.78
2025,90,5.71,88.53,25.69
2025,91,1.79,81.77,26.08
2025,92,2.17,80.81,26.77
2025,93,0.49,80.11,27.05
2025,94,8.5,83.16,26.58
2025,95,21.86,85.81,26.56
2025,96,3.8,82.61,26.73
2025,97,0.49,81.63,27.05
2025,98,0.12,78.45,27.12
2025,99,0.35,79.07,27.11
2025,100,0,74.99,27.86
2025,101,0.01,74.86,27.81
2025,102,0.11,76.74,27.37
2025,103,0.61,77.74,27.89
2025,104,0.49,76.43,28.04
2025,105,0.65,70.61,29.18
2025,106,0.49,73.56,27.99
2025,107,0.16,72.28,28.13
2025,108,0.47,75.54,28.42
2025,109,0.27,72.99,28.12
2025,110,0,75.87,28.06
2025,111,0,74,28.11
2025,112,0,71.26,28.5
2025,113,0,66,29.68
2025,114,0,69.33,28.53
2025,115,0.01,69.86,28.5
2025,116,0.4,74.03,27.62
2025,117,2.26,74.54,27.49
2025,118,8.95,79.29,27.59
2025,119,1.84,80.26,27.66
2025,120,2.28,77.35,27.67
2025,121,3.52,74.4,28.56
2025,122,2.75,77.15,28.28
2025,123,5.45,81.18,27.7
2025,124,11.59,85.9,27.17
2025,125,8.95,81.74,27.94
2025,126,6.85,78.05,28.87
2025,127,10.5,81.26,28.16
2025,128,16.59,88.79,26.81
2025,129,5.79,82.77,27.9
2025,130,1.25,78.59,28.04
2025,131,1.5,76.53,28.31
2025,132,8.51,70.5,29.7
2025,133,16.93,81.86,27.85
2025,134,4.06,83.04,27.14
2025,135,8.71,84.19,27.36
2025,136,5.82,83.02,27.39
2025,137,4.35,78.83,27.84
2025,138,1.17,78.84,28.13
2025,139,4.33,80.32,28.03
2025,140,7.36,81.19,28.18
2025,141,4.68,81.02,28.05
2025,142,1.69,77.77,28.44
2025,143,0.52,72.73,28.6
2025,144,3.54,76.39,28.66
2025,145,3.12,78.52,28.09
2025,146,3.3,79.05,28.01
2025,147,18.81,84.18,27.76
2025,148,12.18,84.2,27.67
2025,149,2.25,77.65,28.12
2025,150,4.03,82.4,27.21
2025,151,15.2,80.29,27.16
2025,152,3.35,78.35,28.1
2025,153,3.39,85.53,27.61
2025,154,2.15,84.2,27.9
2025,155,4.7,84.98,27.86
2025,156,4.12,76.46,28.99
2025,157,8.36,78.56,28.49
2025,158,34.01,91.32,26.4
2025,159,16.25,92.42,25.94
2025,160,14.88,89.2,26.4
2025,161,15.42,89.43,26.69
2025,162,5.36,90.84,26.23
2025,163,3.72,91.88,26.32
2025,164,0.56,86.45,27.25
2025,165,1.26,86.04,26.87
2025,166,6.18,80.11,28.34
2025,167,11.1,84.55,27.15
2025,168,21.68,85.26,27.07
2025,169,15.64,89.31,26.13
2025,170,8.1,88,26.37
2025,171,8.82,83.35,27.27
2025,172,8.25,85.93,26.83
2025,173,3.62,78.89,27.6
2025,174,40.82,87.41,26.02
2025,175,12.17,78.72,27.63
2025,176,8.05,80.96,27.77
2025,177,8.45,81.71,27.46
2025,178,9.78,90.28,26.2
2025,179,6.76,84.9,26.67
2025,180,8.22,90.65,26.06
2025,181,11.48,86,26.51
2025,182,11.56,79.26,27.23
2025,183,11.43,79.18,27.41
2025,184,13.44,93.62,25.76
2025,185,3.16,87.58,26.4
2025,186,10.32,90.06,26.18
2025,187,6.89,89.22,26.51
2025,188,1.5,87.98,26.73
2025,189,6.51,89.39,26.83
2025,190,12.04,91.53,26.38
2025,191,4.16,88.37,26.8
2025,192,2.96,90.43,26.65
2025,193,3.25,87.79,26.66
2025,194,1.87,85.57,26.93
2025,195,0.97,84.52,26.99
2025,196,2,86.22,27.08
2025,197,2.47,88.75,26.93
2025,198,9.73,92.14,26.36
2025,199,34.3,94.5,25.48
2025,200,61.11,94.44,25.72
2025,201,22.62,91.39,26.38
2025,202,58.73,92.4,26.27
2025,203,71.3,93.7,26.01
2025,204,50.68,94.49,26.09
2025,205,79.97,95.51,26.42
2025,206,11.03,91.08,26.5
2025,207,8.51,91,26.36
2025,208,14.46,90.46,26.74
2025,209,6.1,89.22,26.41
2025,210,3.41,88.02,26.75
2025,211,0.53,86.86,26.72
2025,212,0.34,85.78,27.06
2025,213,0.06,84.65,27.15
2025,214,0.02,83.98,27.25
2025,215,0,81.84,26.85
2025,216,0,78.4,27.23
2025,217,1.62,74.92,28.06
2025,218,12.64,86.08,26.33
2025,219,6.41,83.8,26.81
2025,220,3.37,83.35,26.59
2025,221,1.38,78.59,26.63
2025,222,1.52,75.23,27.97
2025,223,5.09,82.81,27.19
2025,224,9.97,82.76,27.32
2025,225,7.51,83.9,26.99
2025,226,16.89,81.27,26.86
2025,227,14.17,88.24,25.72
2025,228,23.11,92.88,25.4
2025,229,16.16,90.04,25.98
2025,230,3.41,84.73,26.97
2025,231,4.05,84.95,26.98
2025,232,11.37,91.2,26
2025,233,14.65,80.63,27.53
2025,234,21.84,94.82,25.29
2025,235,1,86.97,25.54
2025,236,9.24,78.67,26.48
2025,237,36.01,82.69,26.19
2025,238,18.14,91.85,24.88
2025,239,7.34,87.51,26.49
2025,240,7.99,89.15,26.67
2025,241,14.29,92.32,25.87
2025,242,12.56,83.87,27.12
2025,243,23,88.91,26.6
2025,244,16,88.15,26.6
2025,245,28.37,91.46,25.55
2025,246,8.3,87.93,26.35
2025,247,9.77,90.31,25.81
2025,248,7.59,90.49,25.53
2025,249,9.24,93.15,24.86
2025,250,5.01,88.94,26.18
2025,251,4.06,92.27,25.48
2025,252,3.78,87.15,26
2025,253,24.37,91.96,25.09
2025,254,10.54,89.39,26.05
2025,255,5.71,88.95,26.5
2025,256,9.14,87.71,26.4
2025,257,15.36,91.01,25.92
2025,258,6.03,88.51,26.77
2025,259,24.07,90.4,26.29
2025,260,19.75,91.78,25.76
2025,261,13.61,87.99,26.5
2025,262,15.31,85.5,26.69
2025,263,14.52,90.36,25.93
2025,264,19.06,90.93,25.77
2025,265,74.21,93.25,25.72
2025,266,73.87,92.54,25.02
2025,267,12.15,92.85,24.8
2025,268,10.58,87.45,25.9
2025,269,72.87,94.16,25.29
2025,270,1.62,90.02,26.13
2025,271,5.68,87.18,26.79
2025,272,7.81,88.67,26.47
2025,273,47.53,93.36,25.64
2025,274,5.78,87.55,26.64
2025,275,6.85,84.77,27.05
2025,276,33.86,93.12,25.47
2025,277,6.75,85.61,26.5
2025,278,8.88,84.57,26.89
2025,279,6.52,84.72,26.62
2025,280,5.98,84.82,26.34
2025,281,6.74,86.7,26.02
2025,282,20.13,86.5,26.26
2025,283,61.15,93.03,25.13
2025,284,10.23,85.27,26.29
2025,285,9.65,88.17,26.24
2025,286,7.5,89.65,26.34
2025,287,6.03,90.74,26.3
2025,288,7.56,91.2,26.37
2025,289,5.61,89.28,26.68
2025,290,4.27,89,26.66
2025,291,44.23,93.05,26.09
2025,292,37.03,95.16,25.91
2025,293,4.63,88.71,26.8
2025,294,6.1,89.48,26.67
2025,295,-999,-999,-999
2025,296,-999,-999,-999
2025,297,-999,-999,-999
